Mary,2.629
Patricia,1.073
Linda,1.035
Barbara,0.98
Elizabeth,0.937
Jennifer,0.932
Maria,0.828
Susan,0.794
Margaret,0.768
Dorothy,0.727
Lisa,0.704
Nancy,0.669
Karen,0.667
Betty,0.666
Helen,0.663
Sandra,0.629
Donna,0.583
Carol,0.565
Ruth,0.562
Sharon,0.522
Michelle,0.519
Laura,0.51
Sarah,0.508
Kimberly,0.504
Deborah,0.494
Jessica,0.49
Shirley,0.482
Cynthia,0.469
Angela,0.468
Melissa,0.462
Brenda,0.455
Amy,0.451
Anna,0.44
Rebecca,0.43
Virginia,0.43
Kathleen,0.424
Pamela,0.416
Martha,0.412
Debra,0.408
Amanda,0.404
Stephanie,0.4
Carolyn,0.385
Christine,0.382
Marie,0.379
Janet,0.379
Catherine,0.373
Frances,0.37
Ann,0.364
Joyce,0.364
Diane,0.359
Alice,0.357
Julie,0.348
Heather,0.337
Teresa,0.336
Doris,0.335
Gloria,0.335
Evelyn,0.322
Jean,0.315
Cheryl,0.315
Mildred,0.313
Katherine,0.313
Joan,0.306
Ashley,0.303
Judith,0.297
Rose,0.296
Janice,0.285
Kelly,0.283
Nicole,0.281
Judy,0.276
Christina,0.275
Kathy,0.272
Theresa,0.271
Beverly,0.267
Denise,0.264
Tammy,0.259
Irene,0.252
Jane,0.25
Lori,0.248
Rachel,0.242
Marilyn,0.241
Andrea,0.236
Kathryn,0.234
Louise,0.229
Sara,0.229
Anne,0.228
Jacqueline,0.228
Wanda,0.226
Bonnie,0.223
Julia,0.223
Ruby,0.221
Lois,0.22
Tina,0.22
Phyllis,0.219
Norma,0.218
Paula,0.217
Diana,0.216
Annie,0.216
Lillian,0.211
Emily,0.208
Robin,0.208
Peggy,0.208
Crystal,0.207
Gladys,0.205
Rita,0.204
Dawn,0.202
Connie,0.2
Florence,0.2
Tracy,0.197
Edna,0.197
Tiffany,0.195
Carmen,0.195
Rosa,0.194
Cindy,0.192
Grace,0.189
Wendy,0.185
Victoria,0.18
Edith,0.179
Kim,0.178
Sherry,0.178
Sylvia,0.177
Josephine,0.177
Thelma,0.175
Shannon,0.175
Sheila,0.175
Ethel,0.174
Ellen,0.173
Elaine,0.173
Marjorie,0.173
Carrie,0.171
Charlotte,0.169
Monica,0.166
Esther,0.166
Pauline,0.165
Emma,0.165
Juanita,0.164
Anita,0.162
Rhonda,0.162
Hazel,0.161
Amber,0.16
Eva,0.159
Debbie,0.157
April,0.154
Leslie,0.154
Clara,0.153
Lucille,0.153
Jamie,0.153
Joanne,0.15
Eleanor,0.15
Valerie,0.149
Danielle,0.149
Megan,0.147
Alicia,0.146
Suzanne,0.145
Michele,0.145
Gail,0.145
Bertha,0.143
Darlene,0.142
Veronica,0.142
Jill,0.142
Erin,0.141
Geraldine,0.141
Lauren,0.137
Cathy,0.137
Joann,0.136
Lorraine,0.135
Lynn,0.135
Sally,0.135
Regina,0.133
Erica,0.13
Beatrice,0.13
Dolores,0.129
Bernice,0.128
Audrey,0.127
Yvonne,0.126
Annette,0.125
June,0.125
Samantha,0.124
Marion,0.122
Dana,0.122
Stacy,0.121
Ana,0.12
Renee,0.12
Ida,0.118
Vivian,0.118
Roberta,0.117
Holly,0.117
Brittany,0.117
Melanie,0.116
Loretta,0.115
Yolanda,0.115
Jeanette,0.115
Laurie,0.114
Katie,0.113
Kristen,0.111
Vanessa,0.111
Alma,0.111
Sue,0.111
Elsie,0.11
Beth,0.11
Jeanne,0.109
Vicki,0.109
Carla,0.107
Tara,0.107
Rosemary,0.107
Eileen,0.105
Terri,0.105
Gertrude,0.103
Lucy,0.103
Tonya,0.102
Ella,0.101
Stacey,0.101
Wilma,0.099
Gina,0.099
Kristin,0.099
Jessie,0.098
Natalie,0.098
Agnes,0.098
Vera,0.098
Willie,0.097
Charlene,0.097
Bessie,0.096
Delores,0.095
Melinda,0.094
Pearl,0.094
Arlene,0.094
Maureen,0.092
Colleen,0.092
Allison,0.092
Tamara,0.092
Joy,0.091
Georgia,0.091
Constance,0.091
Lillie,0.09
Claudia,0.09
Jackie,0.09
Marcia,0.09
Tanya,0.089
Nellie,0.089
Minnie,0.089
Marlene,0.088
Heidi,0.088
Glenda,0.088
Lydia,0.086
Viola,0.086
Courtney,0.086
Marian,0.086
Stella,0.085
Caroline,0.085
Dora,0.084
Jo,0.083
Vickie,0.082
Mattie,0.081
Terry,0.08
Maxine,0.079
Irma,0.079
Mabel,0.078
Marsha,0.078
Myrtle,0.078
Lena,0.077
Christy,0.077
Deanna,0.076
Patsy,0.076
Hilda,0.075
Gwendolyn,0.074
Jennie,0.073
Nora,0.073
Margie,0.072
Nina,0.072
Cassandra,0.072
Leah,0.072
Penny,0.071
Kay,0.071
Priscilla,0.071
Naomi,0.071
Carole,0.071
Brandy,0.07
Olga,0.07
Billie,0.069
Dianne,0.069
Tracey,0.069
Leona,0.069
Jenny,0.068
Felicia,0.068
Sonia,0.068
Miriam,0.066
Velma,0.066
Becky,0.066
Bobbie,0.065
Violet,0.065
Kristina,0.065
Toni,0.064
Misty,0.063
Mae,0.063
Shelly,0.062
Daisy,0.062
Ramona,0.062
Sherri,0.062
Erika,0.061
Katrina,0.061
Claire,0.061
Lindsey,0.06
Lindsay,0.06
Geneva,0.059
Guadalupe,0.059
Belinda,0.059
Margarita,0.059
Sheryl,0.059
Cora,0.058
Faye,0.058
Ada,0.057
Natasha,0.057
Sabrina,0.057
Isabel,0.057
Marguerite,0.056
Hattie,0.056
Harriet,0.056
Molly,0.055
Cecilia,0.055
Kristi,0.055
Brandi,0.055
Blanche,0.055
Sandy,0.055
Rosie,0.055
Joanna,0.055
Iris,0.055
Eunice,0.054
Angie,0.054
Inez,0.053
Lynda,0.053
Madeline,0.052
Amelia,0.052
Alberta,0.052
Genevieve,0.051
Monique,0.051
Jodi,0.051
Janie,0.051
Maggie,0.051
Kayla,0.051
Sonya,0.051
Jan,0.051
Lee,0.051
Kristine,0.051
Candace,0.051
Fannie,0.05
Maryann,0.05
Opal,0.05
Alison,0.05
Yvette,0.05
Melody,0.05
Luz,0.049
Susie,0.049
Olivia,0.049
Flora,0.049
Shelley,0.049
Kristy,0.048
Mamie,0.048
Lula,0.048
Lola,0.048
Verna,0.048
Beulah,0.048
Antoinette,0.048
Candice,0.046
Juana,0.046
Jeannette,0.046
Pam,0.046
Kelli,0.046
Hannah,0.045
Whitney,0.045
Bridget,0.045
Karla,0.044
Celia,0.044
Latoya,0.043
Patty,0.043
Shelia,0.043
Gayle,0.043
Della,0.043
Vicky,0.043
Lynne,0.043
Sheri,0.042
Marianne,0.042
Kara,0.041
Jacquelyn,0.041
Erma,0.041
Blanca,0.041
Myra,0.04
Leticia,0.04
Pat,0.04
Krista,0.04
Roxanne,0.04
Angelica,0.039
Johnnie,0.039
Robyn,0.039
Francis,0.039
Adrienne,0.039
Rosalie,0.039
Alexandra,0.039
Brooke,0.039
Bethany,0.039
Sadie,0.039
Bernadette,0.039
Traci,0.038
Jody,0.038
Kendra,0.038
Jasmine,0.038
Nichole,0.038
Rachael,0.038
Chelsea,0.038
Mable,0.038
Ernestine,0.038
Muriel,0.038
Marcella,0.037
Elena,0.037
Krystal,0.037
Angelina,0.037
Nadine,0.036
Kari,0.036
Estelle,0.036
Dianna,0.036
Paulette,0.036
Lora,0.036
Mona,0.035
Doreen,0.035
Rosemarie,0.035
Angel,0.035
Desiree,0.035
Antonia,0.035
Hope,0.034
Ginger,0.034
Janis,0.034
Betsy,0.034
Christie,0.034
Freda,0.034
Mercedes,0.033
Meredith,0.033
Lynette,0.033
Teri,0.033
Cristina,0.033
Eula,0.033
Leigh,0.032
Meghan,0.032
Sophia,0.032
Eloise,0.032
Rochelle,0.032
Gretchen,0.032
Cecelia,0.032
Raquel,0.031
Henrietta,0.031
Alyssa,0.031
Jana,0.031
Kelley,0.031
Gwen,0.031
Kerry,0.031
Jenna,0.03
Tricia,0.03
Laverne,0.03
Olive,0.03
Alexis,0.03
Tasha,0.03
Silvia,0.029
Elvira,0.029
Casey,0.029
Delia,0.029
Sophie,0.029
Kate,0.029
Patti,0.029
Lorena,0.029
Kellie,0.029
Sonja,0.029
Lila,0.029
Lana,0.029
Darla,0.029
May,0.029
Mindy,0.029
Essie,0.029
Mandy,0.029
Lorene,0.028
Elsa,0.028
Josefina,0.028
Jeannie,0.028
Miranda,0.028
Dixie,0.028
Lucia,0.028
Marta,0.028
Faith,0.028
Lela,0.028
Johanna,0.028
Shari,0.028
Camille,0.028
Tami,0.027
Shawna,0.027
Elisa,0.027
Ebony,0.027
Melba,0.027
Ora,0.027
Nettie,0.027
Tabitha,0.027
Ollie,0.027
Jaime,0.027
Winifred,0.027
Kristie,0.027
Marina,0.027
Alisha,0.027
Aimee,0.027
Rena,0.027
Myrna,0.026
Marla,0.026
Tammie,0.026
Latasha,0.026
Bonita,0.026
Patrice,0.026
Ronda,0.026
Sherrie,0.026
Addie,0.026
Francine,0.025
Deloris,0.025
Stacie,0.025
Adriana,0.025
Cheri,0.025
Shelby,0.025
Abigail,0.025
Celeste,0.025
Jewel,0.025
Cara,0.025
Adele,0.025
Rebekah,0.025
Lucinda,0.025
Dorthy,0.025
Chris,0.024
Effie,0.024
Trina,0.024
Reba,0.024
Shawn,0.024
Sallie,0.024
Aurora,0.024
Lenora,0.024
Etta,0.024
Lottie,0.024
Kerri,0.024
Trisha,0.024
Nikki,0.024
Estella,0.024
Francisca,0.024
Josie,0.024
Tracie,0.024
Marissa,0.024
Karin,0.024
Brittney,0.024
Janelle,0.024
Lourdes,0.024
Laurel,0.024
Helene,0.024
Fern,0.024
Elva,0.024
Corinne,0.024
Kelsey,0.024
Ina,0.023
Bettie,0.023
Elisabeth,0.023
Aida,0.023
Caitlin,0.023
Ingrid,0.023
Iva,0.023
Eugenia,0.023
Christa,0.023
Goldie,0.023
Cassie,0.023
Maude,0.023
Jenifer,0.023
Therese,0.022
Frankie,0.022
Dena,0.022
Lorna,0.022
Janette,0.022
Latonya,0.022
Candy,0.022
Morgan,0.022
Consuelo,0.022
Tamika,0.022
Rosetta,0.022
Debora,0.022
Cherie,0.022
Polly,0.022
Dina,0.022
Jewell,0.021
Fay,0.021
Jillian,0.021
Dorothea,0.021
Nell,0.021
Trudy,0.021
Esperanza,0.021
Patrica,0.021
Kimberley,0.021
Shanna,0.021
Helena,0.021
Carolina,0.021
Cleo,0.021
Stefanie,0.021
Rosario,0.02
Ola,0.02
Janine,0.02
Mollie,0.02
Lupe,0.02
Alisa,0.02
Lou,0.02
Maribel,0.02
Susanne,0.02
Bette,0.019
Susana,0.019
Elise,0.019
Cecile,0.019
Isabelle,0.019
Lesley,0.019
Jocelyn,0.019
Paige,0.019
Joni,0.019
Rachelle,0.019
Leola,0.019
Daphne,0.019
Alta,0.019
Ester,0.019
Petra,0.019
Graciela,0.019
Imogene,0.019
Jolene,0.019
Keisha,0.019
Lacey,0.018
Glenna,0.018
Gabriela,0.018
Keri,0.018
Ursula,0.018
Lizzie,0.018
Kirsten,0.018
Shana,0.018
Adeline,0.018
Mayra,0.018
Jayne,0.018
Jaclyn,0.018
Gracie,0.018
Sondra,0.018
Carmela,0.018
Marisa,0.018
Rosalind,0.018
Charity,0.018
Tonia,0.018
Beatriz,0.018
Marisol,0.018
Clarice,0.018
Jeanine,0.017
Sheena,0.017
Angeline,0.017
Frieda,0.017
Lily,0.017
Robbie,0.017
Shauna,0.017
Millie,0.017
Claudette,0.017
Cathleen,0.017
Angelia,0.017
Gabrielle,0.017
Autumn,0.017
Katharine,0.017
Summer,0.017
Jodie,0.017
Staci,0.017
Lea,0.017
Christi,0.017
Jimmie,0.017
Justine,0.017
Elma,0.017
Luella,0.017
Margret,0.017
Dominique,0.016
Socorro,0.016
Rene,0.016
Martina,0.016
Margo,0.016
Mavis,0.016
Callie,0.016
Bobbi,0.016
Maritza,0.016
Lucile,0.016
Leanne,0.016
Jeannine,0.016
Deana,0.016
Aileen,0.016
Lorie,0.016
Ladonna,0.016
Willa,0.016
Manuela,0.016
Gale,0.016
Selma,0.016
Dolly,0.016
Sybil,0.016
Abby,0.016
Lara,0.016
Dale,0.016
Ivy,0.016
Dee,0.016
Winnie,0.016
Marcy,0.016
Luisa,0.016
Jeri,0.015
Magdalena,0.015
Ofelia,0.015
Meagan,0.015
Audra,0.015
Matilda,0.015
Leila,0.015
Cornelia,0.015
Bianca,0.015
Simone,0.015
Bettye,0.015
Randi,0.015
Virgie,0.015
Latisha,0.015
Barbra,0.015
Georgina,0.015
Eliza,0.015
Leann,0.015
Bridgette,0.015
Rhoda,0.014
Haley,0.014
Adela,0.014
Nola,0.014
Bernadine,0.014
Flossie,0.014
Ila,0.014
Greta,0.014
Ruthie,0.014
Nelda,0.014
Minerva,0.014
Lilly,0.014
Terrie,0.014
Letha,0.014
Hilary,0.014
Estela,0.014
Valarie,0.014
Brianna,0.014
Rosalyn,0.014
Earline,0.014
Catalina,0.014
Ava,0.014
Mia,0.014
Clarissa,0.014
Lidia,0.014
Corrine,0.014
Alexandria,0.014
Concepcion,0.014
Tia,0.014
Sharron,0.014
Rae,0.014
Dona,0.014
Ericka,0.014
Jami,0.014
Elnora,0.014
Chandra,0.014
Lenore,0.014
Neva,0.013
Marylou,0.013
Melisa,0.013
Tabatha,0.013
Serena,0.013
Avis,0.013
Allie,0.013
Sofia,0.013
Jeanie,0.013
Odessa,0.013
Nannie,0.013
Harriett,0.013
Loraine,0.013
Penelope,0.013
Milagros,0.013
Emilia,0.013
Benita,0.013
Allyson,0.013
Ashlee,0.013
Tania,0.013
Tommie,0.013
Esmeralda,0.013
Karina,0.013
Eve,0.013
Pearlie,0.013
Zelma,0.013
Malinda,0.013
Noreen,0.013
Tameka,0.013
Saundra,0.013
Hillary,0.013
Amie,0.013
Althea,0.012
Rosalinda,0.012
Jordan,0.012
Lilia,0.012
Alana,0.012
Gay,0.012
Clare,0.012
Alejandra,0.012
Elinor,0.012
Michael,0.012
Lorrie,0.012
Jerri,0.012
Darcy,0.012
Earnestine,0.012
Carmella,0.012
Taylor,0.012
Noemi,0.012
Marcie,0.012
Liza,0.012
Annabelle,0.012
Louisa,0.012
Earlene,0.012
Mallory,0.012
Carlene,0.012
Nita,0.012
Selena,0.012
Tanisha,0.012
Katy,0.012
Julianne,0.012
John,0.012
Lakisha,0.011
Edwina,0.011
Maricela,0.011
Margery,0.011
Kenya,0.011
Dollie,0.011
Roxie,0.011
Roslyn,0.011
Kathrine,0.011
Nanette,0.011
Charmaine,0.011
Lavonne,0.011
Ilene,0.011
Kris,0.011
Tammi,0.011
Suzette,0.011
Corine,0.011
Kaye,0.011
Jerry,0.011
Merle,0.011
Chrystal,0.011
Lina,0.011
Deanne,0.011
Lilian,0.011
Juliana,0.011
Aline,0.011
Luann,0.011
Kasey,0.011
Maryanne,0.011
Evangeline,0.011
Colette,0.011
Melva,0.011
Lawanda,0.011
Yesenia,0.011
Nadia,0.011
Madge,0.011
Kathie,0.011
Eddie,0.011
Ophelia,0.011
Valeria,0.011
Nona,0.011
Mitzi,0.011
Mari,0.011
Georgette,0.011
Claudine,0.011
Fran,0.011
Alissa,0.011
Roseann,0.01
Lakeisha,0.01
Susanna,0.01
Reva,0.01
Deidre,0.01
Chasity,0.01
Sheree,0.01
Carly,0.01
James,0.01
Elvia,0.01
Alyce,0.01
Deirdre,0.01
Gena,0.01
Briana,0.01
Araceli,0.01
Katelyn,0.01
Rosanne,0.01
Wendi,0.01
Tessa,0.01
Berta,0.01
Marva,0.01
Imelda,0.01
Marietta,0.01
Marci,0.01
Leonor,0.01
Arline,0.01
Sasha,0.01
Madelyn,0.01
Janna,0.01
Juliette,0.01
Deena,0.01
Aurelia,0.01
Josefa,0.01
Augusta,0.01
Liliana,0.01
Young,0.01
Christian,0.01
Lessie,0.01
Amalia,0.01
Savannah,0.01
Anastasia,0.01
Vilma,0.01
Natalia,0.01
Rosella,0.01
Lynnette,0.01
Corina,0.01
Alfreda,0.009
Leanna,0.009
Carey,0.009
Amparo,0.009
Coleen,0.009
Tamra,0.009
Aisha,0.009
Wilda,0.009
Karyn,0.009
Cherry,0.009
Queen,0.009
Maura,0.009
Mai,0.009
Evangelina,0.009
Rosanna,0.009
Hallie,0.009
Erna,0.009
Enid,0.009
Mariana,0.009
Lacy,0.009
Juliet,0.009
Jacklyn,0.009
Freida,0.009
Madeleine,0.009
Mara,0.009
Hester,0.009
Cathryn,0.009
Lelia,0.009
Casandra,0.009
Bridgett,0.009
Angelita,0.009
Jannie,0.009
Dionne,0.009
Annmarie,0.009
Katina,0.009
Beryl,0.009
Phoebe,0.009
Millicent,0.009
Katheryn,0.009
Diann,0.009
Carissa,0.009
Maryellen,0.009
Liz,0.009
Lauri,0.009
Helga,0.009
Gilda,0.009
Adrian,0.009
Rhea,0.009
Marquita,0.009
Hollie,0.009
Tisha,0.009
Tamera,0.009
Angelique,0.009
Francesca,0.009
Britney,0.009
Kaitlin,0.009
Lolita,0.009
Florine,0.009
Rowena,0.009
Reyna,0.009
Twila,0.009
Fanny,0.009
Janell,0.009
Ines,0.009
Concetta,0.009
Bertie,0.009
Alba,0.009
Brigitte,0.009
Alyson,0.009
Vonda,0.008
Pansy,0.008
Elba,0.008
Noelle,0.008
Letitia,0.008
Kitty,0.008
Deann,0.008
Brandie,0.008
Louella,0.008
Leta,0.008
Felecia,0.008
Sharlene,0.008
Lesa,0.008
Beverley,0.008
Robert,0.008
Isabella,0.008
Herminia,0.008
Terra,0.008
Celina,0.008
Tori,0.008
Octavia,0.008
Jade,0.008
Denice,0.008
Germaine,0.008
Sierra,0.008
Michell,0.008
Cortney,0.008
Nelly,0.008
Doretha,0.008
Sydney,0.008
Deidra,0.008
Monika,0.008
Lashonda,0.008
Judi,0.008
Chelsey,0.008
Antionette,0.008
Margot,0.008
Bobby,0.008
Adelaide,0.008
Nan,0.008
Leeann,0.008
Elisha,0.008
Dessie,0.008
Libby,0.008
Kathi,0.008
Gayla,0.008
Latanya,0.008
Mina,0.008
Mellisa,0.008
Kimberlee,0.008
Jasmin,0.008
Renae,0.008
Zelda,0.008
Elda,0.008
Ma,0.008
Justina,0.008
Gussie,0.008
Emilie,0.008
Camilla,0.008
Abbie,0.008
Rocio,0.008
Kaitlyn,0.008
Jesse,0.008
Edythe,0.008
Ashleigh,0.008
Selina,0.008
Lakesha,0.008
Geri,0.008
Allene,0.008
Pamala,0.008
Michaela,0.008
Dayna,0.008
Caryn,0.008
Rosalia,0.008
Sun,0.007
Jacquline,0.007
Rebeca,0.007
Marybeth,0.007
Krystle,0.007
Iola,0.007
Dottie,0.007
Bennie,0.007
Belle,0.007
Aubrey,0.007
Griselda,0.007
Ernestina,0.007
Elida,0.007
Adrianne,0.007
Demetria,0.007
Delma,0.007
Chong,0.007
Jaqueline,0.007
Destiny,0.007
Arleen,0.007
Virgina,0.007
Retha,0.007
Fatima,0.007
Tillie,0.007
Eleanore,0.007
Cari,0.007
Treva,0.007
Birdie,0.007
Wilhelmina,0.007
Rosalee,0.007
Maurine,0.007
Latrice,0.007
Yong,0.007
Jena,0.007
Taryn,0.007
Elia,0.007
Debby,0.007
Maudie,0.007
Jeanna,0.007
Delilah,0.007
Catrina,0.007
Shonda,0.007
Hortencia,0.007
Theodora,0.007
Teresita,0.007
Robbin,0.007
Danette,0.007
Maryjane,0.007
Freddie,0.007
Delphine,0.007
Brianne,0.007
Nilda,0.007
Danna,0.007
Cindi,0.007
Bess,0.007
Iona,0.007
Hanna,0.007
Ariel,0.007
Winona,0.007
Vida,0.007
Rosita,0.007
Marianna,0.007
William,0.007
Racheal,0.007
Guillermina,0.007
Eloisa,0.007
Celestine,0.007
Caren,0.007
Malissa,0.007
Lona,0.007
Chantel,0.007
Shellie,0.007
Marisela,0.007
Leora,0.007
Agatha,0.007
Soledad,0.007
Migdalia,0.007
Ivette,0.007
Christen,0.007
Athena,0.007
Janel,0.007
Chloe,0.007
Veda,0.007
Pattie,0.007
Tessie,0.007
Tera,0.007
Marilynn,0.007
Lucretia,0.007
Karrie,0.007
Dinah,0.007
Daniela,0.007
Alecia,0.007
Adelina,0.007
Vernice,0.007
Shiela,0.007
Portia,0.007
Merry,0.007
Lashawn,0.007
Devon,0.007
Dara,0.007
Tawana,0.007
Oma,0.007
Verda,0.007
Christin,0.007
Alene,0.007
Zella,0.006
Sandi,0.006
Rafaela,0.006
Maya,0.006
Kira,0.006
Candida,0.006
Alvina,0.006
Suzan,0.006
Shayla,0.006
Lyn,0.006
Lettie,0.006
Alva,0.006
Samatha,0.006
Oralia,0.006
Matilde,0.006
Madonna,0.006
Larissa,0.006
Vesta,0.006
Renita,0.006
India,0.006
Delois,0.006
Shanda,0.006
Phillis,0.006
Lorri,0.006
Erlinda,0.006
Cruz,0.006
Cathrine,0.006
Barb,0.006
Zoe,0.006
Isabell,0.006
Ione,0.006
Gisela,0.006
Charlie,0.006
Valencia,0.006
Roxanna,0.006
Mayme,0.006
Kisha,0.006
Ellie,0.006
Mellissa,0.006
Dorris,0.006
Dalia,0.006
Bella,0.006
Annetta,0.006
Zoila,0.006
Reta,0.006
Reina,0.006
Lauretta,0.006
Kylie,0.006
Christal,0.006
Pilar,0.006
Charla,0.006
Elissa,0.006
Tiffani,0.006
Tana,0.006
Paulina,0.006
Leota,0.006
Breanna,0.006
Jayme,0.006
Carmel,0.006
Vernell,0.006
Tomasa,0.006
Mandi,0.006
Dominga,0.006
Santa,0.006
Melodie,0.006
Lura,0.006
Alexa,0.006
Tamela,0.006
Ryan,0.006
Mirna,0.006
Kerrie,0.006
Venus,0.006
Noel,0.006
Felicita,0.006
Cristy,0.006
Carmelita,0.006
Berniece,0.006
Annemarie,0.006
Tiara,0.006
Roseanne,0.006
Missy,0.006
Cori,0.006
Roxana,0.006
Pricilla,0.006
Kristal,0.006
Jung,0.006
Elyse,0.006
Haydee,0.006
Aletha,0.006
Bettina,0.006
Marge,0.006
Gillian,0.006
Filomena,0.006
Charles,0.006
Zenaida,0.006
Harriette,0.006
Caridad,0.006
Vada,0.006
Una,0.006
Aretha,0.006
Pearline,0.006
Marjory,0.006
Marcela,0.006
Flor,0.006
Evette,0.006
Elouise,0.006
Alina,0.006
Trinidad,0.006
David,0.006
Damaris,0.006
Catharine,0.006
Carroll,0.006
Belva,0.006
Nakia,0.005
Marlena,0.005
Luanne,0.005
Lorine,0.005
Karon,0.005
Dorene,0.005
Danita,0.005
Brenna,0.005
Tatiana,0.005
Sammie,0.005
Louann,0.005
Loren,0.005
Julianna,0.005
Andria,0.005
Philomena,0.005
Lucila,0.005
Leonora,0.005
Dovie,0.005
Romona,0.005
Mimi,0.005
Jacquelin,0.005
Gaye,0.005
Tonja,0.005
Misti,0.005
Joe,0.005
Gene,0.005
Chastity,0.005
Stacia,0.005
Roxann,0.005
Micaela,0.005
Nikita,0.005
Mei,0.005
Velda,0.005
Marlys,0.005
Johnna,0.005
Aura,0.005
Lavern,0.005
Ivonne,0.005
Hayley,0.005
Nicki,0.005
Majorie,0.005
Herlinda,0.005
George,0.005
Alpha,0.005
Yadira,0.005
Perla,0.005
Gregoria,0.005
Daniel,0.005
Antonette,0.005
Shelli,0.005
Mozelle,0.005
Mariah,0.005
Joelle,0.005
Cordelia,0.005
Josette,0.005
Chiquita,0.005
Trista,0.005
Louis,0.005
Laquita,0.005
Georgiana,0.005
Candi,0.005
Shanon,0.005
Lonnie,0.005
Hildegard,0.005
Cecil,0.005
Valentina,0.005
Stephany,0.005
Magda,0.005
Karol,0.005
Gerry,0.005
Gabriella,0.005
Tiana,0.005
Roma,0.005
Richelle,0.005
Ray,0.005
Princess,0.005
Oleta,0.005
Jacque,0.005
Idella,0.005
Alaina,0.005
Suzanna,0.005
Jovita,0.005
Blair,0.005
Tosha,0.005
Raven,0.005
Nereida,0.005
Marlyn,0.005
Kyla,0.005
Joseph,0.005
Delfina,0.005
Tena,0.005
Stephenie,0.005
Sabina,0.005
Nathalie,0.005
Marcelle,0.005
Gertie,0.005
Darleen,0.005
Thea,0.005
Sharonda,0.005
Shantel,0.005
Belen,0.005
Venessa,0.005
Rosalina,0.005
Ona,0.005
Genoveva,0.005
Corey,0.005
Clementine,0.005
Rosalba,0.005
Renate,0.005
Renata,0.005
Mi,0.005
Ivory,0.005
Georgianna,0.005
Floy,0.005
Dorcas,0.005
Ariana,0.005
Tyra,0.005
Theda,0.005
Mariam,0.005
Juli,0.005
Jesica,0.005
Donnie,0.005
Vikki,0.005
Verla,0.005
Roselyn,0.005
Melvina,0.005
Jannette,0.005
Ginny,0.005
Debrah,0.005
Corrie,0.005
Asia,0.005
Violeta,0.005
Myrtis,0.005
Latricia,0.005
Collette,0.005
Charleen,0.005
Anissa,0.005
Viviana,0.005
Twyla,0.005
Precious,0.005
Nedra,0.005
Latonia,0.005
Lan,0.005
Hellen,0.005
Fabiola,0.005
Annamarie,0.005
Adell,0.005
Sharyn,0.005
Chantal,0.005
Niki,0.005
Maud,0.005
Lizette,0.005
Lindy,0.005
Kia,0.005
Kesha,0.005
Jeana,0.005
Danelle,0.005
Charline,0.005
Chanel,0.005
Carrol,0.005
Valorie,0.005
Lia,0.005
Dortha,0.005
Cristal,0.005
Sunny,0.005
Leone,0.005
Leilani,0.005
Gerri,0.005
Debi,0.005
Andra,0.005
Keshia,0.005
Ima,0.005
Eulalia,0.005
Easter,0.005
Dulce,0.005
Natividad,0.004
Linnie,0.004
Kami,0.004
Georgie,0.004
Catina,0.004
Brook,0.004
Alda,0.004
Winnifred,0.004
Sharla,0.004
Ruthann,0.004
Meaghan,0.004
Magdalene,0.004
Lissette,0.004
Adelaida,0.004
Venita,0.004
Trena,0.004
Shirlene,0.004
Shameka,0.004
Elizebeth,0.004
Dian,0.004
Shanta,0.004
Mickey,0.004
Latosha,0.004
Carlotta,0.004
Windy,0.004
Soon,0.004
Rosina,0.004
Mariann,0.004
Leisa,0.004
Jonnie,0.004
Dawna,0.004
Cathie,0.004
Billy,0.004
Astrid,0.004
Sidney,0.004
Laureen,0.004
Janeen,0.004
Holli,0.004
Fawn,0.004
Vickey,0.004
Teressa,0.004
Shante,0.004
Rubye,0.004
Marcelina,0.004
Chanda,0.004
Cary,0.004
Terese,0.004
Scarlett,0.004
Marty,0.004
Marnie,0.004
Lulu,0.004
Lisette,0.004
Jeniffer,0.004
Elenor,0.004
Dorinda,0.004
Donita,0.004
Carman,0.004
Bernita,0.004
Altagracia,0.004
Aleta,0.004
Adrianna,0.004
Zoraida,0.004
Ronnie,0.004
Nicola,0.004
Lyndsey,0.004
Kendall,0.004
Janina,0.004
Chrissy,0.004
Ami,0.004
Starla,0.004
Phylis,0.004
Phuong,0.004
Kyra,0.004
Charisse,0.004
Blanch,0.004
Sanjuanita,0.004
Rona,0.004
Nanci,0.004
Marilee,0.004
Maranda,0.004
Cory,0.004
Brigette,0.004
Sanjuana,0.004
Marita,0.004
Kassandra,0.004
Joycelyn,0.004
Ira,0.004
Felipa,0.004
Chelsie,0.004
Bonny,0.004
Mireya,0.004
Lorenza,0.004
Kyong,0.004
Ileana,0.004
Candelaria,0.004
Tony,0.004
Toby,0.004
Sherie,0.004
Ok,0.004
Mark,0.004
Lucie,0.004
Leatrice,0.004
Lakeshia,0.004
Gerda,0.004
Edie,0.004
Bambi,0.004
Marylin,0.004
Lavon,0.004
Hortense,0.004
Garnet,0.004
Evie,0.004
Tressa,0.004
Shayna,0.004
Lavina,0.004
Kyung,0.004
Jeanetta,0.004
Sherrill,0.004
Shara,0.004
Phyliss,0.004
Mittie,0.004
Anabel,0.004
Alesia,0.004
Thuy,0.004
Tawanda,0.004
Richard,0.004
Joanie,0.004
Tiffanie,0.004
Lashanda,0.004
Karissa,0.004
Enriqueta,0.004
Daria,0.004
Daniella,0.004
Corinna,0.004
Alanna,0.004
Abbey,0.004
Roxane,0.004
Roseanna,0.004
Magnolia,0.004
Lida,0.004
Kyle,0.004
Joellen,0.004
Era,0.004
Coral,0.004
Carleen,0.004
Tresa,0.004
Peggie,0.004
Novella,0.004
Nila,0.004
Maybelle,0.004
Jenelle,0.004
Carina,0.004
Nova,0.004
Melina,0.004
Marquerite,0.004
Margarette,0.004
Josephina,0.004
Evonne,0.004
Devin,0.004
Cinthia,0.004
Albina,0.004
Toya,0.004
Tawnya,0.004
Sherita,0.004
Santos,0.004
Myriam,0.004
Lizabeth,0.004
Lise,0.004
Keely,0.004
Jenni,0.004
Giselle,0.004
Cheryle,0.004
Ardith,0.004
Ardis,0.004
Alesha,0.004
Adriane,0.004
Shaina,0.004
Linnea,0.004
Karolyn,0.004
Hong,0.004
Florida,0.004
Felisha,0.004
Dori,0.004
Darci,0.004
Artie,0.004
Armida,0.004
Zola,0.004
Xiomara,0.004
Vergie,0.004
Shamika,0.004
Nena,0.004
Nannette,0.004
Maxie,0.004
Lovie,0.004
Jeane,0.004
Jaimie,0.004
Inge,0.004
Farrah,0.004
Elaina,0.004
Caitlyn,0.004
Starr,0.004
Felicitas,0.004
Cherly,0.004
Caryl,0.004
Yolonda,0.004
Yasmin,0.004
Teena,0.004
Prudence,0.004
Pennie,0.004
Nydia,0.004
Mackenzie,0.004
Orpha,0.004
Marvel,0.004
Lizbeth,0.004
Laurette,0.004
Jerrie,0.004
Hermelinda,0.004
Carolee,0.004
Tierra,0.004
Mirian,0.004
Meta,0.004
Melony,0.004
Kori,0.004
Jennette,0.004
Jamila,0.004
Ena,0.004
Anh,0.004
Yoshiko,0.004
Susannah,0.004
Salina,0.004
Rhiannon,0.004
Joleen,0.004
Cristine,0.004
Ashton,0.004
Aracely,0.004
Tomeka,0.004
Shalonda,0.004
Marti,0.004
Lacie,0.004
Kala,0.004
Jada,0.004
Ilse,0.004
Hailey,0.004
Brittani,0.004
Zona,0.003
Syble,0.003
Sherryl,0.003
Randy,0.003
Nidia,0.003
Marlo,0.003
Kandice,0.003
Kandi,0.003
Deb,0.003
Dean,0.003
America,0.003
Alycia,0.003
Tommy,0.003
Ronna,0.003
Norene,0.003
Mercy,0.003
Jose,0.003
Ingeborg,0.003
Giovanna,0.003
Gemma,0.003
Christel,0.003
Audry,0.003
Zora,0.003
Vita,0.003
Van,0.003
Trish,0.003
Stephaine,0.003
Shirlee,0.003
Shanika,0.003
Melonie,0.003
Mazie,0.003
Jazmin,0.003
Inga,0.003
Hoa,0.003
Hettie,0.003
Geralyn,0.003
Fonda,0.003
Estrella,0.003
Adella,0.003
Su,0.003
Sarita,0.003
Rina,0.003
Milissa,0.003
Maribeth,0.003
Golda,0.003
Evon,0.003
Ethelyn,0.003
Enedina,0.003
Cherise,0.003
Chana,0.003
Velva,0.003
Tawanna,0.003
Sade,0.003
Mirta,0.003
Li,0.003
Karie,0.003
Jacinta,0.003
Elna,0.003
Davina,0.003
Cierra,0.003
Ashlie,0.003
Albertha,0.003
Tanesha,0.003
Stephani,0.003
Nelle,0.003
Mindi,0.003
Lu,0.003
Lorinda,0.003
Larue,0.003
Florene,0.003
Demetra,0.003
Dedra,0.003
Ciara,0.003
Chantelle,0.003
Ashly,0.003
Suzy,0.003
Rosalva,0.003
Noelia,0.003
Lyda,0.003
Leatha,0.003
Krystyna,0.003
Kristan,0.003
Karri,0.003
Darline,0.003
Darcie,0.003
Cinda,0.003
Cheyenne,0.003
Cherrie,0.003
Awilda,0.003
Almeda,0.003
Rolanda,0.003
Lanette,0.003
Jerilyn,0.003
Gisele,0.003
Evalyn,0.003
Cyndi,0.003
Cleta,0.003
Carin,0.003
Zina,0.003
Zena,0.003
Velia,0.003
Tanika,0.003
Paul,0.003
Charissa,0.003
Thomas,0.003
Talia,0.003
Margarete,0.003
Lavonda,0.003
Kaylee,0.003
Kathlene,0.003
Jonna,0.003
Irena,0.003
Ilona,0.003
Idalia,0.003
Candis,0.003
Candance,0.003
Brandee,0.003
Anitra,0.003
Alida,0.003
Sigrid,0.003
Nicolette,0.003
Maryjo,0.003
Linette,0.003
Hedwig,0.003
Christiana,0.003
Cassidy,0.003
Alexia,0.003
Tressie,0.003
Modesta,0.003
Lupita,0.003
Lita,0.003
Gladis,0.003
Evelia,0.003
Davida,0.003
Cherri,0.003
Cecily,0.003
Ashely,0.003
Annabel,0.003
Agustina,0.003
Wanita,0.003
Shirly,0.003
Rosaura,0.003
Hulda,0.003
Eun,0.003
Bailey,0.003
Yetta,0.003
Verona,0.003
Thomasina,0.003
Sibyl,0.003
Shannan,0.003
Mechelle,0.003
Lue,0.003
Leandra,0.003
Lani,0.003
Kylee,0.003
Kandy,0.003
Jolynn,0.003
Ferne,0.003
Eboni,0.003
Corene,0.003
Alysia,0.003
Zula,0.003
Nada,0.003
Moira,0.003
Lyndsay,0.003
Lorretta,0.003
Juan,0.003
Jammie,0.003
Hortensia,0.003
Gaynell,0.003
Cameron,0.003
Adria,0.003
Vina,0.003
Vicenta,0.003
Tangela,0.003
Stephine,0.003
Norine,0.003
Nella,0.003
Liana,0.003
Leslee,0.003
Kimberely,0.003
Iliana,0.003
Glory,0.003
Felica,0.003
Emogene,0.003
Elfriede,0.003
Eden,0.003
Eartha,0.003
Carma,0.003
Bea,0.003
Ocie,0.003
Marry,0.003
Lennie,0.003
Kiara,0.003
Jacalyn,0.003
Carlota,0.003
Arielle,0.003
Yu,0.003
Star,0.003
Otilia,0.003
Kirstin,0.003
Kacey,0.003
Johnetta,0.003
Joey,0.003
Joetta,0.003
Jeraldine,0.003
Jaunita,0.003
Elana,0.003
Dorthea,0.003
Cami,0.003
Amada,0.003
Adelia,0.003
Vernita,0.003
Tamar,0.003
Siobhan,0.003
Renea,0.003
Rashida,0.003
Ouida,0.003
Odell,0.003
Nilsa,0.003
Meryl,0.003
Kristyn,0.003
Julieta,0.003
Danica,0.003
Breanne,0.003
Aurea,0.003
Anglea,0.003
Sherron,0.003
Odette,0.003
Malia,0.003
Lorelei,0.003
Lin,0.003
Leesa,0.003
Kenna,0.003
Kathlyn,0.003
Fiona,0.003
Charlette,0.003
Suzie,0.003
Shantell,0.003
Sabra,0.003
Racquel,0.003
Myong,0.003
Mira,0.003
Martine,0.003
Lucienne,0.003
Lavada,0.003
Juliann,0.003
Johnie,0.003
Elvera,0.003
Delphia,0.003
Clair,0.003
Christiane,0.003
Charolette,0.003
Carri,0.003
Augustine,0.003
Asha,0.003
Angella,0.003
Paola,0.003
Ninfa,0.003
Leda,0.003
Lai,0.003
Eda,0.003
Sunshine,0.003
Stefani,0.003
Shanell,0.003
Palma,0.003
Machelle,0.003
Lissa,0.003
Kecia,0.003
Kathryne,0.003
Karlene,0.003
Julissa,0.003
Jettie,0.003
Jenniffer,0.003
Hui,0.003
Corrina,0.003
Christopher,0.003
Carolann,0.003
Alena,0.003
Tess,0.003
Rosaria,0.003
Myrtice,0.003
Marylee,0.003
Liane,0.003
Kenyatta,0.003
Judie,0.003
Janey,0.003
In,0.003
Elmira,0.003
Eldora,0.003
Denna,0.003
Cristi,0.003
Cathi,0.003
Zaida,0.003
Vonnie,0.003
Viva,0.003
Vernie,0.003
Rosaline,0.003
Mariela,0.003
Luciana,0.003
Lesli,0.003
Karan,0.003
Felice,0.003
Deneen,0.003
Adina,0.003
Wynona,0.003
Tarsha,0.003
Sheron,0.003
Shasta,0.003
Shanita,0.003
Shani,0.003
Shandra,0.003
Randa,0.003
Pinkie,0.003
Paris,0.003
Nelida,0.003
Marilou,0.003
Lyla,0.003
Laurene,0.003
Laci,0.003
Joi,0.003
Janene,0.003
Dorotha,0.003
Daniele,0.003
Dani,0.003
Carolynn,0.003
Carlyn,0.003
Berenice,0.003
Ayesha,0.003
Anneliese,0.003
Alethea,0.003
Thersa,0.003
Tamiko,0.003
Rufina,0.003
Oliva,0.003
Mozell,0.003
Marylyn,0.003
Madison,0.003
Kristian,0.003
Kathyrn,0.003
Kasandra,0.003
Kandace,0.003
Janae,0.003
Gabriel,0.003
Domenica,0.003
Debbra,0.003
Dannielle,0.003
Chun,0.003
Buffy,0.003
Barbie,0.003
Arcelia,0.003
Aja,0.003
Zenobia,0.003
Sharen,0.003
Sharee,0.003
Patrick,0.003
Page,0.003
My,0.003
Lavinia,0.003
Kum,0.003
Kacie,0.003
Jackeline,0.003
Huong,0.003
Felisa,0.003
Emelia,0.003
Eleanora,0.003
Cythia,0.003
Cristin,0.003
Clyde,0.003
Claribel,0.003
Caron,0.003
Anastacia,0.003
Zulma,0.003
Zandra,0.003
Yoko,0.003
Tenisha,0.003
Susann,0.003
Sherilyn,0.003
Shay,0.003
Shawanda,0.003
Sabine,0.003
Romana,0.003
Mathilda,0.003
Linsey,0.003
Keiko,0.003
Joana,0.003
Isela,0.003
Gretta,0.003
Georgetta,0.003
Eugenie,0.003
Dusty,0.003
Desirae,0.003
Delora,0.003
Corazon,0.003
Antonina,0.003
Anika,0.003
Willene,0.003
Tracee,0.003
Tamatha,0.003
Regan,0.003
Nichelle,0.003
Mickie,0.003
Maegan,0.003
Luana,0.003
Lanita,0.003
Kelsie,0.003
Edelmira,0.003
Bree,0.003
Afton,0.003
Teodora,0.003
Tamie,0.003
Shena,0.003
Meg,0.003
Linh,0.003
Keli,0.003
Kaci,0.003
Danyelle,0.003
Britt,0.003
Arlette,0.003
Albertine,0.003
Adelle,0.003
Tiffiny,0.003
Stormy,0.003
Simona,0.003
Numbers,0.003
Nicolasa,0.003
Nichol,0.003
Nia,0.003
Nakisha,0.003
Mee,0.003
Maira,0.003
Loreen,0.003
Kizzy,0.003
Johnny,0.003
Jay,0.003
Fallon,0.003
Christene,0.003
Bobbye,0.003
Anthony,0.003
Ying,0.002
Vincenza,0.002
Tanja,0.002
Rubie,0.002
Roni,0.002
Queenie,0.002
Margarett,0.002
Kimberli,0.002
Irmgard,0.002
Idell,0.002
Hilma,0.002
Evelina,0.002
Esta,0.002
Emilee,0.002
Dennise,0.002
Dania,0.002
Carl,0.002
Carie,0.002
Antonio,0.002
Wai,0.002
Sang,0.002
Risa,0.002
Rikki,0.002
Particia,0.002
Mui,0.002
Masako,0.002
Mario,0.002
Luvenia,0.002
Loree,0.002
Loni,0.002
Lien,0.002
Kevin,0.002
Gigi,0.002
Florencia,0.002
Dorian,0.002
Denita,0.002
Dallas,0.002
Chi,0.002
Billye,0.002
Alexander,0.002
Tomika,0.002
Sharita,0.002
Rana,0.002
Nikole,0.002
Neoma,0.002
Margarite,0.002
Madalyn,0.002
Lucina,0.002
Laila,0.002
Kali,0.002
Jenette,0.002
Gabriele,0.002
Evelyne,0.002
Elenora,0.002
Clementina,0.002
Alejandrina,0.002
Zulema,0.002
Violette,0.002
Vannessa,0.002
Thresa,0.002
Retta,0.002
Pia,0.002
Patience,0.002
Noella,0.002
Nickie,0.002
Jonell,0.002
Delta,0.002
Chung,0.002
Chaya,0.002
Camelia,0.002
Bethel,0.002
Anya,0.002
Andrew,0.002
Thanh,0.002
Suzann,0.002
Spring,0.002
Shu,0.002
Mila,0.002
Lilla,0.002
Laverna,0.002
Keesha,0.002
Kattie,0.002
Gia,0.002
Georgene,0.002
Eveline,0.002
Estell,0.002
Elizbeth,0.002
Vivienne,0.002
Vallie,0.002
Trudie,0.002
Stephane,0.002
Michel,0.002
Magaly,0.002
Madie,0.002
Kenyetta,0.002
Karren,0.002
Janetta,0.002
Hermine,0.002
Harmony,0.002
Drucilla,0.002
Debbi,0.002
Celestina,0.002
Candie,0.002
Britni,0.002
Beckie,0.002
Amina,0.002
Zita,0.002
Yun,0.002
Yolande,0.002
Vivien,0.002
Vernetta,0.002
Trudi,0.002
Sommer,0.002
Pearle,0.002
Patrina,0.002
Ossie,0.002
Nicolle,0.002
Loyce,0.002
Letty,0.002
Larisa,0.002
Katharina,0.002
Joselyn,0.002
Jonelle,0.002
Jenell,0.002
Iesha,0.002
Heide,0.002
Florinda,0.002
Florentina,0.002
Flo,0.002
Elodia,0.002
Dorine,0.002
Brunilda,0.002
Brigid,0.002
Ashli,0.002
Ardella,0.002
Twana,0.002
Thu,0.002
Tarah,0.002
Sung,0.002
Shea,0.002
Shavon,0.002
Shane,0.002
Serina,0.002
Rayna,0.002
Ramonita,0.002
Nga,0.002
Margurite,0.002
Lucrecia,0.002
Kourtney,0.002
Kati,0.002
Jesus,0.002
Jesenia,0.002
Diamond,0.002
Crista,0.002
Ayana,0.002
Alica,0.002
Alia,0.002
Vinnie,0.002
Suellen,0.002
Romelia,0.002
Rachell,0.002
Piper,0.002
Olympia,0.002
Michiko,0.002
Kathaleen,0.002
Jolie,0.002
Jessi,0.002
Janessa,0.002
Hana,0.002
Ha,0.002
Elease,0.002
Carletta,0.002
Britany,0.002
Shona,0.002
Salome,0.002
Rosamond,0.002
Regena,0.002
Raina,0.002
Ngoc,0.002
Nelia,0.002
Louvenia,0.002
Lesia,0.002
Latrina,0.002
Laticia,0.002
Larhonda,0.002
Jina,0.002
Jacki,0.002
Hollis,0.002
Holley,0.002
Emmy,0.002
Deeann,0.002
Coretta,0.002
Arnetta,0.002
Velvet,0.002
Thalia,0.002
Shanice,0.002
Neta,0.002
Mikki,0.002
Micki,0.002
Lonna,0.002
Leana,0.002
Lashunda,0.002
Kiley,0.002
Joye,0.002
Jacqulyn,0.002
Ignacia,0.002
Hyun,0.002
Hiroko,0.002
Henry,0.002
Henriette,0.002
Elayne,0.002
Delinda,0.002
Darnell,0.002
Dahlia,0.002
Coreen,0.002
Consuela,0.002
Conchita,0.002
Celine,0.002
Babette,0.002
Ayanna,0.002
Anette,0.002
Albertina,0.002
Skye,0.002
Shawnee,0.002
Shaneka,0.002
Quiana,0.002
Pamelia,0.002
Min,0.002
Merri,0.002
Merlene,0.002
Margit,0.002
Kiesha,0.002
Kiera,0.002
Kaylene,0.002
Jodee,0.002
Jenise,0.002
Erlene,0.002
Emmie,0.002
Else,0.002
Daryl,0.002
Dalila,0.002
Daisey,0.002
Cody,0.002
Casie,0.002
Belia,0.002
Babara,0.002
Versie,0.002
Vanesa,0.002
Shelba,0.002
Shawnda,0.002
Sam,0.002
Norman,0.002
Nikia,0.002
Naoma,0.002
Marna,0.002
Margeret,0.002
Madaline,0.002
Lawana,0.002
Kindra,0.002
Jutta,0.002
Jazmine,0.002
Janett,0.002
Hannelore,0.002
Glendora,0.002
Gertrud,0.002
Garnett,0.002
Freeda,0.002
Frederica,0.002
Florance,0.002
Flavia,0.002
Dennis,0.002
Carline,0.002
Beverlee,0.002
Anjanette,0.002
Valda,0.002
Trinity,0.002
Tamala,0.002
Stevie,0.002
Shonna,0.002
Sha,0.002
Sarina,0.002
Oneida,0.002
Micah,0.002
Merilyn,0.002
Marleen,0.002
Lurline,0.002
Lenna,0.002
Katherin,0.002
Jin,0.002
Jeni,0.002
Hae,0.002
Gracia,0.002
Glady,0.002
Farah,0.002
Eric,0.002
Enola,0.002
Ema,0.002
Dominque,0.002
Devona,0.002
Delana,0.002
Cecila,0.002
Caprice,0.002
Alysha,0.002
Ali,0.002
Alethia,0.002
Vena,0.002
Theresia,0.002
Tawny,0.002
Song,0.002
Shakira,0.002
Samara,0.002
Sachiko,0.002
Rachele,0.002
Pamella,0.002
Nicky,0.002
Marni,0.002
Mariel,0.002
Maren,0.002
Malisa,0.002
Ligia,0.002
Lera,0.002
Latoria,0.002
Larae,0.002
Kimber,0.002
Kathern,0.002
Karey,0.002
Jennefer,0.002
Janeth,0.002
Halina,0.002
Fredia,0.002
Delisa,0.002
Debroah,0.002
Ciera,0.002
Chin,0.002
Angelika,0.002
Andree,0.002
Altha,0.002
Yen,0.002
Vivan,0.002
Terresa,0.002
Tanna,0.002
Suk,0.002
Sudie,0.002
Soo,0.002
Signe,0.002
Salena,0.002
Ronni,0.002
Rebbecca,0.002
Myrtie,0.002
Mckenzie,0.002
Malika,0.002
Maida,0.002
Loan,0.002
Leonarda,0.002
Kayleigh,0.002
France,0.002
Ethyl,0.002
Ellyn,0.002
Dayle,0.002
Cammie,0.002
Brittni,0.002
Birgit,0.002
Avelina,0.002
Asuncion,0.002
Arianna,0.002
Akiko,0.002
Venice,0.002
Tyesha,0.002
Tonie,0.002
Tiesha,0.002
Takisha,0.002
Steffanie,0.002
Sindy,0.002
Santana,0.002
Meghann,0.002
Manda,0.002
Macie,0.002
Lady,0.002
Kellye,0.002
Kellee,0.002
Joslyn,0.002
Jason,0.002
Inger,0.002
Indira,0.002
Glinda,0.002
Glennis,0.002
Fernanda,0.002
Faustina,0.002
Eneida,0.002
Elicia,0.002
Dot,0.002
Digna,0.002
Dell,0.002
Arletta,0.002
Andre,0.002
Willia,0.002
Tammara,0.002
Tabetha,0.002
Sherrell,0.002
Sari,0.002
Refugio,0.002
Rebbeca,0.002
Pauletta,0.002
Nieves,0.002
Natosha,0.002
Nakita,0.002
Mammie,0.002
Kenisha,0.002
Kazuko,0.002
Kassie,0.002
Gary,0.002
Earlean,0.002
Daphine,0.002
Corliss,0.002
Clotilde,0.002
Carolyne,0.002
Bernetta,0.002
Augustina,0.002
Audrea,0.002
Annis,0.002
Annabell,0.002
Yan,0.002
Tennille,0.002
Tamica,0.002
Selene,0.002
Sean,0.002
Rosana,0.002
Regenia,0.002
Qiana,0.002
Markita,0.002
Macy,0.002
Leeanne,0.002
Laurine,0.002
Kym,0.002
Jessenia,0.002
Janita,0.002
Georgine,0.002
Genie,0.002
Emiko,0.002
Elvie,0.002
Deandra,0.002
Dagmar,0.002
Corie,0.002
Collen,0.002
Cherish,0.002
Romaine,0.002
Porsha,0.002
Pearlene,0.002
Micheline,0.002
Merna,0.002
Margorie,0.002
Margaretta,0.002
Lore,0.002
Kenneth,0.002
Jenine,0.002
Hermina,0.002
Fredericka,0.002
Elke,0.002
Drusilla,0.002
Dorathy,0.002
Dione,0.002
Desire,0.002
Celena,0.002
Brigida,0.002
Angeles,0.002
Allegra,0.002
Theo,0.002
Tamekia,0.002
Synthia,0.002
Stephen,0.002
Sook,0.002
Slyvia,0.002
Rosann,0.002
Reatha,0.002
Raye,0.002
Marquetta,0.002
Margart,0.002
Ling,0.002
Layla,0.002
Kymberly,0.002
Kiana,0.002
Kayleen,0.002
Katlyn,0.002
Karmen,0.002
Joella,0.002
Irina,0.002
Emelda,0.002
Eleni,0.002
Detra,0.002
Clemmie,0.002
Cheryll,0.002
Chantell,0.002
Cathey,0.002
Arnita,0.002
Arla,0.002
Angle,0.002
Angelic,0.002
Alyse,0.002
Zofia,0.002
Thomasine,0.002
Tennie,0.002
Son,0.002
Sherly,0.002
Sherley,0.002
Sharyl,0.002
Remedios,0.002
Petrina,0.002
Nickole,0.002
Myung,0.002
Myrle,0.002
Mozella,0.002
Louanne,0.002
Lisha,0.002
Latia,0.002
Lane,0.002
Krysta,0.002
Julienne,0.002
Joel,0.002
Jeanene,0.002
Jacqualine,0.002
Isaura,0.002
Gwenda,0.002
Earleen,0.002
Donald,0.002
Cleopatra,0.002
Carlie,0.002
Audie,0.002
Antonietta,0.002
Alise,0.002
Alex,0.002
Verdell,0.002
Val,0.002
Tyler,0.002
Tomoko,0.002
Thao,0.002
Talisha,0.002
Steven,0.002
So,0.002
Shemika,0.002
Shaun,0.002
Scarlet,0.002
Savanna,0.002
Santina,0.002
Rosia,0.002
Raeann,0.002
Odilia,0.002
Nana,0.002
Minna,0.002
Magan,0.002
Lynelle,0.002
Le,0.002
Karma,0.002
Joeann,0.002
Ivana,0.002
Inell,0.002
Ilana,0.002
Hye,0.002
Honey,0.002
Hee,0.002
Gudrun,0.002
Frank,0.002
Dreama,0.002
Crissy,0.002
Chante,0.002
Carmelina,0.002
Arvilla,0.002
Arthur,0.002
Annamae,0.002
Alvera,0.002
Aleida,0.002
Aaron,0.002
Yee,0.002
Yanira,0.002
Vanda,0.002
Tianna,0.002
Tam,0.002
Stefania,0.002
Shira,0.002
Perry,0.002
Nicol,0.002
Nancie,0.002
Monserrate,0.002
Minh,0.002
Melynda,0.002
Melany,0.002
Matthew,0.002
Lovella,0.002
Laure,0.002
Kirby,0.002
Kacy,0.002
Jacquelynn,0.002
Hyon,0.002
Gertha,0.002
Francisco,0.002
Eliana,0.002
Christena,0.002
Christeen,0.002
Charise,0.002
Caterina,0.002
Carley,0.002
Candyce,0.002
Arlena,0.002
Ammie,0.002
Yang,0.002
Willette,0.002
Vanita,0.002
Tuyet,0.002
Tiny,0.002
Syreeta,0.002
Silva,0.002
Scott,0.002
Ronald,0.002
Penney,0.002
Nyla,0.002
Michal,0.002
Maurice,0.002
Maryam,0.002
Marya,0.002
Magen,0.002
Ludie,0.002
Loma,0.002
Livia,0.002
Lanell,0.002
Kimberlie,0.002
Julee,0.002
Donetta,0.002
Diedra,0.002
Denisha,0.002
Deane,0.002
Dawne,0.002
Clarine,0.002
Cherryl,0.002
Bronwyn,0.002
Brandon,0.002
Alla,0.002
Valery,0.002
Tonda,0.002
Sueann,0.002
Soraya,0.002
Shoshana,0.002
Shela,0.002
Sharleen,0.002
Shanelle,0.002
Nerissa,0.002
Micheal,0.002
Meridith,0.002
Mellie,0.002
Maye,0.002
Maple,0.002
Magaret,0.002
Luis,0.002
Lili,0.002
Leonila,0.002
Leonie,0.002
Leeanna,0.002
Lavonia,0.002
Lavera,0.002
Kristel,0.002
Kathey,0.002
Kathe,0.002
Justin,0.002
Julian,0.002
Jimmy,0.002
Jann,0.002
Ilda,0.002
Hildred,0.002
Hildegarde,0.002
Genia,0.002
Fumiko,0.002
Evelin,0.002
Ermelinda,0.002
Elly,0.002
Dung,0.002
Doloris,0.002
Dionna,0.002
Danae,0.002
Berneice,0.002
Annice,0.002
Alix,0.002
Verena,0.002
Verdie,0.002
Tristan,0.002
Shawnna,0.002
Shawana,0.002
Shaunna,0.002
Rozella,0.002
Randee,0.002
Ranae,0.002
Milagro,0.002
Lynell,0.002
Luise,0.002
Louie,0.002
Loida,0.002
Lisbeth,0.002
Karleen,0.002
Junita,0.002
Jona,0.002
Isis,0.002
Hyacinth,0.002
Hedy,0.002
Gwenn,0.002
Ethelene,0.002
Erline,0.002
Edward,0.002
Donya,0.002
Domonique,0.002
Delicia,0.002
Dannette,0.002
Cicely,0.002
Branda,0.002
Blythe,0.002
Bethann,0.002
Ashlyn,0.002
Annalee,0.002
Alline,0.002
Yuko,0.002
Vella,0.002
Trang,0.002
Towanda,0.002
Tesha,0.002
Sherlyn,0.002
Narcisa,0.002
Miguelina,0.002
Meri,0.002
Maybell,0.002
Marlana,0.002
Marguerita,0.002
Madlyn,0.002
Luna,0.002
Lory,0.002
Loriann,0.002
Liberty,0.002
Leonore,0.002
Leighann,0.002
Laurice,0.002
Latesha,0.002
Laronda,0.002
Katrice,0.002
Kasie,0.002
Karl,0.002
Kaley,0.002
Jadwiga,0.002
Glennie,0.002
Gearldine,0.002
Francina,0.002
Epifania,0.002
Dyan,0.002
Dorie,0.002
Diedre,0.002
Denese,0.002
Demetrice,0.002
Delena,0.002
Darby,0.002
Cristie,0.002
Cleora,0.002
Catarina,0.002
Carisa,0.002
Bernie,0.002
Barbera,0.002
Almeta,0.002
Trula,0.002
Tereasa,0.002
Solange,0.002
Sheilah,0.002
Shavonne,0.002
Sanora,0.002
Rochell,0.002
Mathilde,0.002
Margareta,0.002
Maia,0.002
Lynsey,0.002
Lawanna,0.002
Launa,0.002
Kena,0.002
Keena,0.002
Katia,0.002
Jamey,0.002
Glynda,0.002
Gaylene,0.002
Elvina,0.002
Elanor,0.002
Danuta,0.002
Danika,0.002
Cristen,0.002
Cordie,0.002
Coletta,0.002
Clarita,0.002
Carmon,0.002
Brynn,0.002
Azucena,0.002
Aundrea,0.002
Angele,0.002
Yi,0.002
Walter,0.002
Verlie,0.002
Verlene,0.002
Tamesha,0.002
Silvana,0.002
Sebrina,0.002
Samira,0.002
Reda,0.002
Raylene,0.002
Penni,0.002
Pandora,0.002
Norah,0.002
Noma,0.002
Mireille,0.002
Melissia,0.002
Maryalice,0.002
Laraine,0.002
Kimbery,0.002
Karyl,0.002
Karine,0.002
Kam,0.002
Jolanda,0.002
Johana,0.002
Jesusa,0.002
Jaleesa,0.002
Jae,0.002
Jacquelyne,0.002
Irish,0.002
Iluminada,0.002
Hilaria,0.002
Hanh,0.002
Gennie,0.002
Francie,0.002
Floretta,0.002
Exie,0.002
Edda,0.002
Drema,0.002
Delpha,0.002
Bev,0.002
Barbar,0.002
Assunta,0.002
Ardell,0.002
Annalisa,0.002
Alisia,0.002
Yukiko,0.002
Yolando,0.002
Wonda,0.002
Wei,0.002
Waltraud,0.002
Veta,0.002
Tequila,0.002
Temeka,0.002
Tameika,0.002
Shirleen,0.002
Shenita,0.002
Piedad,0.002
Ozella,0.002
Mirtha,0.002
Marilu,0.002
Kimiko,0.002
Juliane,0.002
Jenice,0.002
Jen,0.002
Janay,0.002
Jacquiline,0.002
Hilde,0.002
Fe,0.002
Fae,0.002
Evan,0.002
Eugene,0.002
Elois,0.002
Echo,0.002
Devorah,0.002
Chau,0.002
Brinda,0.002
Betsey,0.002
Arminda,0.002
Aracelis,0.002
Apryl,0.002
Annett,0.002
Alishia,0.002
Veola,0.002
Usha,0.002
Toshiko,0.002
Theola,0.002
Tashia,0.002
Talitha,0.002
Shery,0.002
Rudy,0.002
Renetta,0.002
Reiko,0.002
Rasheeda,0.002
Omega,0.002
Obdulia,0.002
Mika,0.002
Melaine,0.002
Meggan,0.002
Martin,0.002
Marlen,0.002
Marget,0.002
Marceline,0.002
Mana,0.002
Magdalen,0.002
Librada,0.002
Lezlie,0.002
Lexie,0.002
Latashia,0.002
Lasandra,0.002
Kelle,0.002
Isidra,0.002
Isa,0.002
Inocencia,0.002
Gwyn,0.002
Francoise,0.002
Erminia,0.002
Erinn,0.002
Dimple,0.002
Devora,0.002
Criselda,0.002
Armanda,0.002
Arie,0.002
Ariane,0.002
Angelo,0.002
Angelena,0.002
Allen,0.002
Aliza,0.002
Adriene,0.002
Adaline,0.002
Xochitl,0.001
Twanna,0.001
Tran,0.001
Tomiko,0.001
Tamisha,0.001
Taisha,0.001
Susy,0.001
Siu,0.001
Rutha,0.001
Roxy,0.001
Rhona,0.001
Raymond,0.001
Otha,0.001
Noriko,0.001
Natashia,0.001
Merrie,0.001
Melvin,0.001
Marinda,0.001
Mariko,0.001
Margert,0.001
Loris,0.001
Lizzette,0.001
Leisha,0.001
Kaila,0.001
Ka,0.001
Joannie,0.001
Jerrica,0.001
Jene,0.001
Jannet,0.001
Janee,0.001
Jacinda,0.001
Herta,0.001
Elenore,0.001
Doretta,0.001
Delaine,0.001
Daniell,0.001
Claudie,0.001
China,0.001
Britta,0.001
Apolonia,0.001
Amberly,0.001
Alease,0.001
Yuri,0.001
Yuk,0.001
Wen,0.001
Waneta,0.001
Ute,0.001
Tomi,0.001
Sharri,0.001
Sandie,0.001
Roselle,0.001
Reynalda,0.001
Raguel,0.001
Phylicia,0.001
Patria,0.001
Olimpia,0.001
Odelia,0.001
Mitzie,0.001
Mitchell,0.001
Miss,0.001
Minda,0.001
Mignon,0.001
Mica,0.001
Mendy,0.001
Marivel,0.001
Maile,0.001
Lynetta,0.001
Lavette,0.001
Lauryn,0.001
Latrisha,0.001
Lakiesha,0.001
Kiersten,0.001
Kary,0.001
Josphine,0.001
Jolyn,0.001
Jetta,0.001
Janise,0.001
Jacquie,0.001
Ivelisse,0.001
Glynis,0.001
Gianna,0.001
Gaynelle,0.001
Emerald,0.001
Demetrius,0.001
Danyell,0.001
Danille,0.001
Dacia,0.001
Coralee,0.001
Cher,0.001
Ceola,0.001
Brett,0.001
Bell,0.001
Arianne,0.001
Aleshia,0.001
Yung,0.001
Williemae,0.001
Troy,0.001
Trinh,0.001
Thora,0.001
Tai,0.001
Svetlana,0.001
Sherika,0.001
Shemeka,0.001
Shaunda,0.001
Roseline,0.001
Ricki,0.001
Melda,0.001
Mallie,0.001
Lavonna,0.001
Latina,0.001
Larry,0.001
Laquanda,0.001
Lala,0.001
Lachelle,0.001
Klara,0.001
Kandis,0.001
Johna,0.001
Jeanmarie,0.001
Jaye,0.001
Hang,0.001
Grayce,0.001
Gertude,0.001
Emerita,0.001
Ebonie,0.001
Clorinda,0.001
Ching,0.001
Chery,0.001
Carola,0.001
Breann,0.001
Blossom,0.001
Bernardine,0.001
Becki,0.001
Arletha,0.001
Argelia,0.001
Ara,0.001
Alita,0.001
Yulanda,0.001
Yon,0.001
Yessenia,0.001
Tobi,0.001
Tasia,0.001
Sylvie,0.001
Shirl,0.001
Shirely,0.001
Sheridan,0.001
Shella,0.001
Shantelle,0.001
Sacha,0.001
Royce,0.001
Rebecka,0.001
Reagan,0.001
Providencia,0.001
Paulene,0.001
Misha,0.001
Miki,0.001
Marline,0.001
Marica,0.001
Lorita,0.001
Latoyia,0.001
Lasonya,0.001
Kerstin,0.001
Kenda,0.001
Keitha,0.001
Kathrin,0.001
Jaymie,0.001
Jack,0.001
Gricelda,0.001
Ginette,0.001
Eryn,0.001
Elina,0.001
Elfrieda,0.001
Danyel,0.001
Cheree,0.001
Chanelle,0.001
Barrie,0.001
Avery,0.001
Aurore,0.001
Annamaria,0.001
Alleen,0.001
Ailene,0.001
Aide,0.001
Yasmine,0.001
Vashti,0.001
Valentine,0.001
Treasa,0.001
Tory,0.001
Tiffaney,0.001
Sheryll,0.001
Sharie,0.001
Shanae,0.001
Sau,0.001
Raisa,0.001
Pa,0.001
Neda,0.001
Mitsuko,0.001
Mirella,0.001
Milda,0.001
Maryanna,0.001
Maragret,0.001
Mabelle,0.001
Luetta,0.001
Lorina,0.001
Letisha,0.001
Latarsha,0.001
Lanelle,0.001
Lajuana,0.001
Krissy,0.001
Karly,0.001
Karena,0.001
Jon,0.001
Jessika,0.001
Jerica,0.001
Jeanelle,0.001
January,0.001
Jalisa,0.001
Jacelyn,0.001
Izola,0.001
Ivey,0.001
Gregory,0.001
Euna,0.001
Etha,0.001
Drew,0.001
Domitila,0.001
Dominica,0.001
Daina,0.001
Creola,0.001
Carli,0.001
Camie,0.001
Bunny,0.001
Brittny,0.001
Ashanti,0.001
Anisha,0.001
Aleen,0.001
Adah,0.001
Yasuko,0.001
Winter,0.001
Viki,0.001
Valrie,0.001
Tona,0.001
Tinisha,0.001
Thi,0.001
Terisa,0.001
Tatum,0.001
Taneka,0.001
Simonne,0.001
Shalanda,0.001
Serita,0.001
Ressie,0.001
Refugia,0.001
Paz,0.001
Olene,0.001
Na,0.001
Merrill,0.001
Margherita,0.001
Mandie,0.001
Man,0.001
Maire,0.001
Lyndia,0.001
Luci,0.001
Lorriane,0.001
Loreta,0.001
Leonia,0.001
Lavona,0.001
Lashawnda,0.001
Lakia,0.001
Kyoko,0.001
Krystina,0.001
Krysten,0.001
Kenia,0.001
Kelsi,0.001
Jude,0.001
Jeanice,0.001
Isobel,0.001
Georgiann,0.001
Genny,0.001
Felicidad,0.001
Eilene,0.001
Deon,0.001
Deloise,0.001
Deedee,0.001
Dannie,0.001
Conception,0.001
Clora,0.001
Cherilyn,0.001
Chang,0.001
Calandra,0.001
Berry,0.001
Armandina,0.001
Anisa,0.001
Ula,0.001
Timothy,0.001
Tiera,0.001
Theressa,0.001
Stephania,0.001
Sima,0.001
Shyla,0.001
Shonta,0.001
Shera,0.001
Shaquita,0.001
Shala,0.001
Sammy,0.001
Rossana,0.001
Nohemi,0.001
Nery,0.001
Moriah,0.001
Melita,0.001
Melida,0.001
Melani,0.001
Marylynn,0.001
Marisha,0.001
Mariette,0.001
Malorie,0.001
Madelene,0.001
Ludivina,0.001
Loria,0.001
Lorette,0.001
Loralee,0.001
Lianne,0.001
Leon,0.001
Lavenia,0.001
Laurinda,0.001
Lashon,0.001
Kit,0.001
Kimi,0.001
Keila,0.001
Katelynn,0.001
Kai,0.001
Jone,0.001
Joane,0.001
Ji,0.001
Jayna,0.001
Janella,0.001
Ja,0.001
Hue,0.001
Hertha,0.001
Francene,0.001
Elinore,0.001
Despina,0.001
Delsie,0.001
Deedra,0.001
Clemencia,0.001
Carry,0.001
Carolin,0.001
Carlos,0.001
Bulah,0.001
Brittanie,0.001
Bok,0.001
Blondell,0.001
Bibi,0.001
Beaulah,0.001
Beata,0.001
Annita,0.001
Agripina,0.001
Virgen,0.001
Valene,0.001
Un,0.001
Twanda,0.001
Tommye,0.001
Toi,0.001
Tarra,0.001
Tari,0.001
Tammera,0.001
Shakia,0.001
Sadye,0.001
Ruthanne,0.001
Rochel,0.001
Rivka,0.001
Pura,0.001
Nenita,0.001
Natisha,0.001
Ming,0.001
Merrilee,0.001
Melodee,0.001
Marvis,0.001
Lucilla,0.001
Leena,0.001
Laveta,0.001
Larita,0.001
Lanie,0.001
Keren,0.001
Ileen,0.001
Georgeann,0.001
Genna,0.001
Genesis,0.001
Frida,0.001
Ewa,0.001
Eufemia,0.001
Emely,0.001
Ela,0.001
Edyth,0.001
Deonna,0.001
Deadra,0.001
Darlena,0.001
Chanell,0.001
Chan,0.001
Cathern,0.001
Cassondra,0.001
Cassaundra,0.001
Bernarda,0.001
Berna,0.001
Arlinda,0.001
Anamaria,0.001
Albert,0.001
Wesley,0.001
Vertie,0.001
Valeri,0.001
Torri,0.001
Tatyana,0.001
Stasia,0.001
Sherise,0.001
Sherill,0.001
Season,0.001
Scottie,0.001
Sanda,0.001
Ruthe,0.001
Rosy,0.001
Roberto,0.001
Robbi,0.001
Ranee,0.001
Quyen,0.001
Pearly,0.001
Palmira,0.001
Onita,0.001
Nisha,0.001
Niesha,0.001
Nida,0.001
Nevada,0.001
Nam,0.001
Merlyn,0.001
Mayola,0.001
Marylouise,0.001
Maryland,0.001
Marx,0.001
Marth,0.001
Margene,0.001
Madelaine,0.001
Londa,0.001
Leontine,0.001
Leoma,0.001
Leia,0.001
Lawrence,0.001
Lauralee,0.001
Lanora,0.001
Lakita,0.001
Kiyoko,0.001
Keturah,0.001
Katelin,0.001
Kareen,0.001
Jonie,0.001
Johnette,0.001
Jenee,0.001
Jeanett,0.001
Izetta,0.001
Hiedi,0.001
Heike,0.001
Hassie,0.001
Harold,0.001
Giuseppina,0.001
Georgann,0.001
Fidela,0.001
Fernande,0.001
Elwanda,0.001
Ellamae,0.001
Eliz,0.001
Dusti,0.001
Dotty,0.001
Cyndy,0.001
Coralie,0.001
Celesta,0.001
Argentina,0.001
Alverta,0.001
Xenia,0.001
Wava,0.001
Vanetta,0.001
Torrie,0.001
Tashina,0.001
Tandy,0.001
Tambra,0.001
Tama,0.001
Stepanie,0.001
Shila,0.001
Shaunta,0.001
Sharan,0.001
Shaniqua,0.001
Shae,0.001
Setsuko,0.001
Serafina,0.001
Sandee,0.001
Rosamaria,0.001
Priscila,0.001
Olinda,0.001
Nadene,0.001
Muoi,0.001
Michelina,0.001
Mercedez,0.001
Maryrose,0.001
Marin,0.001
Marcene,0.001
Mao,0.001
Magali,0.001
Mafalda,0.001
Logan,0.001
Linn,0.001
Lannie,0.001
Kayce,0.001
Karoline,0.001
Kamilah,0.001
Kamala,0.001
Justa,0.001
Joline,0.001
Jennine,0.001
Jacquetta,0.001
Iraida,0.001
Gerald,0.001
Georgeanna,0.001
Franchesca,0.001
Fairy,0.001
Emeline,0.001
Elane,0.001
Ehtel,0.001
Earlie,0.001
Dulcie,0.001
Dalene,0.001
Cris,0.001
Classie,0.001
Chere,0.001
Charis,0.001
Caroyln,0.001
Carmina,0.001
Carita,0.001
Brian,0.001
Bethanie,0.001
Ayako,0.001
Arica,0.001
An,0.001
Alysa,0.001
Alessandra,0.001
Akilah,0.001
Adrien,0.001
Zetta,0.001
Youlanda,0.001
Yelena,0.001
Yahaira,0.001
Xuan,0.001
Wendolyn,0.001
Victor,0.001
Tijuana,0.001
Terrell,0.001
Terina,0.001
Teresia,0.001
Suzi,0.001
Sunday,0.001
Sherell,0.001
Shavonda,0.001
Shaunte,0.001
Sharda,0.001
Shakita,0.001
Sena,0.001
Ryann,0.001
Rubi,0.001
Riva,0.001
Reginia,0.001
Rea,0.001
Rachal,0.001
Parthenia,0.001
Pamula,0.001
Monnie,0.001
Monet,0.001
Michaele,0.001
Melia,0.001
Marine,0.001
Malka,0.001
Maisha,0.001
Lisandra,0.001
Leo,0.001
Lekisha,0.001
Lean,0.001
Laurence,0.001
Lakendra,0.001
Krystin,0.001
Kortney,0.001
Kizzie,0.001
Kittie,0.001
Kera,0.001
Kendal,0.001
Kemberly,0.001
Kanisha,0.001
Julene,0.001
Jule,0.001
Joshua,0.001
Johanne,0.001
Jeffrey,0.001
Jamee,0.001
Han,0.001
Halley,0.001
Gidget,0.001
Galina,0.001
Fredricka,0.001
Fleta,0.001
Fatimah,0.001
Eusebia,0.001
Elza,0.001
Eleonore,0.001
Dorthey,0.001
Doria,0.001
Donella,0.001
Dinorah,0.001
Delorse,0.001
Claretha,0.001
Christinia,0.001
Charlyn,0.001
Bong,0.001
Belkis,0.001
Azzie,0.001
Andera,0.001
Aiko,0.001
Adena,0.001
Yer,0.001
Yajaira,0.001
Wan,0.001
Vania,0.001
Ulrike,0.001
Toshia,0.001
Tifany,0.001
Stefany,0.001
Shizue,0.001
Shenika,0.001
Shawanna,0.001
Sharolyn,0.001
Sharilyn,0.001
Shaquana,0.001
Shantay,0.001
See,0.001
Rozanne,0.001
Roselee,0.001
Rickie,0.001
Remona,0.001
Reanna,0.001
Raelene,0.001
Quinn,0.001
Phung,0.001
Petronila,0.001
Natacha,0.001
Nancey,0.001
Myrl,0.001
Miyoko,0.001
Miesha,0.001
Merideth,0.001
Marvella,0.001
Marquitta,0.001
Marhta,0.001
Marchelle,0.001
Lizeth,0.001
Libbie,0.001
Lahoma,0.001
Ladawn,0.001
Kina,0.001
Katheleen,0.001
Katharyn,0.001
Karisa,0.001
Kaleigh,0.001
Junie,0.001
Julieann,0.001
Johnsie,0.001
Janean,0.001
Jaimee,0.001
Jackqueline,0.001
Hisako,0.001
Herma,0.001
Helaine,0.001
Gwyneth,0.001
Glenn,0.001
Gita,0.001
Eustolia,0.001
Emelina,0.001
Elin,0.001
Edris,0.001
Donnette,0.001
Donnetta,0.001
Dierdre,0.001
Denae,0.001
Darcel,0.001
Claude,0.001
Clarisa,0.001
Cinderella,0.001
Chia,0.001
Charlesetta,0.001
Charita,0.001
Celsa,0.001
Cassy,0.001
Cassi,0.001
Carlee,0.001
Bruna,0.001
Brittaney,0.001
Brande,0.001
Billi,0.001
Bao,0.001
Antonetta,0.001
Angla,0.001
Angelyn,0.001
Analisa,0.001
Alane,0.001
Wenona,0.001
Wendie,0.001
Veronique,0.001
Vannesa,0.001
Tobie,0.001
Tempie,0.001
Sumiko,0.001
Sulema,0.001
Sparkle,0.001
Somer,0.001
Sheba,0.001
Shayne,0.001
Sharice,0.001
Shanel,0.001
Shalon,0.001
Sage,0.001
Roy,0.001
Rosio,0.001
Roselia,0.001
Renay,0.001
Rema,0.001
Reena,0.001
Porsche,0.001
Ping,0.001
Peg,0.001
Ozie,0.001
Oretha,0.001
Oralee,0.001
Oda,0.001
Nu,0.001
Ngan,0.001
Nakesha,0.001
Milly,0.001
Marybelle,0.001
Marlin,0.001
Maris,0.001
Margrett,0.001
Maragaret,0.001
Manie,0.001
Lurlene,0.001
Lillia,0.001
Lieselotte,0.001
Lavelle,0.001
Lashaunda,0.001
Lakeesha,0.001
Keith,0.001
Kaycee,0.001
Kalyn,0.001
Joya,0.001
Joette,0.001
Jenae,0.001
Janiece,0.001
Illa,0.001
Grisel,0.001
Glayds,0.001
Genevie,0.001
Gala,0.001
Fredda,0.001
Fred,0.001
Elmer,0.001
Eleonor,0.001
Debera,0.001
Deandrea,0.001
Dan,0.001
Corrinne,0.001
Cordia,0.001
Contessa,0.001
Colene,0.001
Cleotilde,0.001
Charlott,0.001
Chantay,0.001
Cecille,0.001
Beatris,0.001
Azalee,0.001
Arlean,0.001
Ardath,0.001
Anjelica,0.001
Anja,0.001
Alfredia,0.001
Aleisha,0.001
Adam,0.001
Zada,0.001
Yuonne,0.001
Xiao,0.001
Willodean,0.001
Whitley,0.001
Vennie,0.001
Vanna,0.001
Tyisha,0.001
Tova,0.001
Torie,0.001
Tonisha,0.001
Tilda,0.001
Tien,0.001
Temple,0.001
Sirena,0.001
Sherril,0.001
Shanti,0.001
Shan,0.001
Senaida,0.001
Samella,0.001
Robbyn,0.001
Renda,0.001
Reita,0.001
Phebe,0.001
Paulita,0.001
Nobuko,0.001
Nguyet,0.001
Neomi,0.001
Moon,0.001
Mikaela,0.001
Melania,0.001
Maximina,0.001
Marg,0.001
Maisie,0.001
Lynna,0.001
Lilli,0.001
Layne,0.001
Lashaun,0.001
Lakenya,0.001
Lael,0.001
Kirstie,0.001
Kathline,0.001
Kasha,0.001
Karlyn,0.001
Karima,0.001
Jovan,0.001
Josefine,0.001
Jennell,0.001
Jacqui,0.001
Jackelyn,0.001
Hyo,0.001
Hien,0.001
Grazyna,0.001
Florrie,0.001
Floria,0.001
Eleonora,0.001
Dwana,0.001
Dorla,0.001
Dong,0.001
Delmy,0.001
Deja,0.001
Dede,0.001
Dann,0.001
Crysta,0.001
Clelia,0.001
Claris,0.001
Clarence,0.001
Chieko,0.001
Cherlyn,0.001
Cherelle,0.001
Charmain,0.001
Chara,0.001
Cammy,0.001
Bee,0.001
Arnette,0.001
Ardelle,0.001
Annika,0.001
Amiee,0.001
Amee,0.001
Allena,0.001
Yvone,0.001
Yuki,0.001
Yoshie,0.001
Yevette,0.001
Yael,0.001
Willetta,0.001
Voncile,0.001
Venetta,0.001
Tula,0.001
Tonette,0.001
Timika,0.001
Temika,0.001
Telma,0.001
Teisha,0.001
Taren,0.001
Ta,0.001
Stacee,0.001
Shin,0.001
Shawnta,0.001
Saturnina,0.001
Ricarda,0.001
Pok,0.001
Pasty,0.001
Onie,0.001
Nubia,0.001
Mora,0.001
Mike,0.001
Marielle,0.001
Mariella,0.001
Marianela,0.001
Mardell,0.001
Many,0.001
Luanna,0.001
Loise,0.001
Lisabeth,0.001
Lindsy,0.001
Lilliana,0.001
Lilliam,0.001
Lelah,0.001
Leigha,0.001
Leanora,0.001
Lang,0.001
Kristeen,0.001
Khalilah,0.001
Keeley,0.001
Kandra,0.001
Junko,0.001
Joaquina,0.001
Jerlene,0.001
Jani,0.001
Jamika,0.001
Jame,0.001
Hsiu,0.001
Hermila,0.001
Golden,0.001
Genevive,0.001
Evia,0.001
Eugena,0.001
Emmaline,0.001
Elfreda,0.001
Elene,0.001
Donette,0.001
Delcie,0.001
Deeanna,0.001
Darcey,0.001
Cuc,0.001
Clarinda,0.001
Cira,0.001
Chae,0.001
Celinda,0.001
Catheryn,0.001
Catherin,0.001
Casimira,0.001
Carmelia,0.001
Camellia,0.001
Breana,0.001
Bobette,0.001
Bernardina,0.001
Bebe,0.001
Basilia,0.001
Arlyne,0.001
Amal,0.001
Alayna,0.001
Zonia,0.001
Zenia,0.001
Yuriko,0.001
Yaeko,0.001
Wynell,0.001
Willow,0.001
Willena,0.001
Vernia,0.001
Tu,0.001
Travis,0.001
Tora,0.001
Terrilyn,0.001
Terica,0.001
Tenesha,0.001
Tawna,0.001
Tajuana,0.001
Taina,0.001
Stephnie,0.001
Sona,0.001
Sol,0.001
Sina,0.001
Shondra,0.001
Shizuko,0.001
Sherlene,0.001
Sherice,0.001
Sharika,0.001
Rossie,0.001
Rosena,0.001
Rory,0.001
Rima,0.001
Ria,0.001
Rheba,0.001
Renna,0.001
Peter,0.001
Natalya,0.001
Nancee,0.001
Melodi,0.001
Meda,0.001
Maxima,0.001
Matha,0.001
Marketta,0.001
Maricruz,0.001
Marcelene,0.001
Malvina,0.001
Luba,0.001
Louetta,0.001
Leida,0.001
Lecia,0.001
Lauran,0.001
Lashawna,0.001
Laine,0.001
Khadijah,0.001
Katerine,0.001
Kasi,0.001
Kallie,0.001
Julietta,0.001
Jesusita,0.001
Jestine,0.001
Jessia,0.001
Jeremy,0.001
Jeffie,0.001
Janyce,0.001
Isadora,0.001
Georgianne,0.001
Fidelia,0.001
Evita,0.001
Eura,0.001
Eulah,0.001
Estefana,0.001
Elsy,0.001
Elizabet,0.001
Eladia,0.001
Dodie,0.001
Dion,0.001
Dia,0.001
Denisse,0.001
Deloras,0.001
Delila,0.001
Daysi,0.001
Dakota,0.001
Curtis,0.001
Crystle,0.001
Concha,0.001
Colby,0.001
Claretta,0.001
Chu,0.001
Christia,0.001
Charlsie,0.001
Charlena,0.001
Carylon,0.001
Bettyann,0.001
Asley,0.001
Ashlea,0.001
Amira,0.001
Ai,0.001
Agueda,0.001
Agnus,0.001
Yuette,0.001
Vinita,0.001
Victorina,0.001
Tynisha,0.001
Treena,0.001
Toccara,0.001
Tish,0.001
Thomasena,0.001
Tegan,0.001
Soila,0.001
Shiloh,0.001
Shenna,0.001
Sharmaine,0.001
Shantae,0.001
Shandi,0.001
September,0.001
Saran,0.001
Sarai,0.001
Sana,0.001
Samuel,0.001
Salley,0.001
Rosette,0.001
Rolande,0.001
Regine,0.001
Otelia,0.001
Oscar,0.001
Olevia,0.001
Nicholle,0.001
Necole,0.001
Naida,0.001
Myrta,0.001
Myesha,0.001
Mitsue,0.001
Minta,0.001
Mertie,0.001
Margy,0.001
Mahalia,0.001
Madalene,0.001
Love,0.001
Loura,0.001
Lorean,0.001
Lewis,0.001
Lesha,0.001
Leonida,0.001
Lenita,0.001
Lavone,0.001
Lashell,0.001
Lashandra,0.001
Lamonica,0.001
Kimbra,0.001
Katherina,0.001
Karry,0.001
Kanesha,0.001
Julio,0.001
Jong,0.001
Jeneva,0.001
Jaquelyn,0.001
Hwa,0.001
Gilma,0.001
Ghislaine,0.001
Gertrudis,0.001
Fransisca,0.001
Fermina,0.001
Ettie,0.001
Etsuko,0.001
Ellis,0.001
Ellan,0.001
Elidia,0.001
Edra,0.001
Dorethea,0.001
Doreatha,0.001
Denyse,0.001
Denny,0.001
Deetta,0.001
Daine,0.001
Cyrstal,0.001
Corrin,0.001
Cayla,0.001
Carlita,0.001
Camila,0.001
Burma,0.001
Bula,0.001
Buena,0.001
Blake,0.001
Barabara,0.001
Avril,0.001
Austin,0.001
Alaine,0.001
Zana,0.001
Wilhemina,0.001
Wanetta,0.001
Virgil,0.001
Vi,0.001
Veronika,0.001
Vernon,0.001
Verline,0.001
Vasiliki,0.001
Tonita,0.001
Tisa,0.001
Teofila,0.001
Tayna,0.001
Taunya,0.001
Tandra,0.001
Takako,0.001
Sunni,0.001
Suanne,0.001
Sixta,0.001
Sharell,0.001
Seema,0.001
Russell,0.001
Rosenda,0.001
Robena,0.001
Raymonde,0.001
Pei,0.001
Pamila,0.001
Ozell,0.001
Neida,0.001
Neely,0.001
Mistie,0.001
Micha,0.001
Merissa,0.001
Maurita,0.001
Maryln,0.001
Maryetta,0.001
Marshall,0.001
Marcell,0.001
Malena,0.001
Makeda,0.001
Maddie,0.001
Lovetta,0.001
Lourie,0.001
Lorrine,0.001
Lorilee,0.001
Lester,0.001
Laurena,0.001
Lashay,0.001
Larraine,0.001
Laree,0.001
Lacresha,0.001
Kristle,0.001
Krishna,0.001
Keva,0.001
Keira,0.001
Karole,0.001
Joie,0.001
Jinny,0.001
Jeannetta,0.001
Jama,0.001
Heidy,0.001
Gilberte,0.001
Gema,0.001
Faviola,0.001
Evelynn,0.001
Enda,0.001
Elli,0.001
Ellena,0.001
Divina,0.001
Dagny,0.001
Collene,0.001
Codi,0.001
Cindie,0.001
Chassidy,0.001
Chasidy,0.001
Catrice,0.001
Catherina,0.001
Cassey,0.001
Caroll,0.001
Carlena,0.001
Candra,0.001
Calista,0.001
Bryanna,0.001
Britteny,0.001
Beula,0.001
Bari,0.001
Audrie,0.001
Audria,0.001
Ardelia,0.001
Annelle,0.001
Angila,0.001
Alona,0.001
Allyn,0.001
James,3.318
John,3.271
Robert,3.143
Michael,2.629
William,2.451
David,2.363
Richard,1.703
Charles,1.523
Joseph,1.404
Thomas,1.38
Christopher,1.035
Daniel,0.974
Paul,0.948
Mark,0.938
Donald,0.931
George,0.927
Kenneth,0.826
Steven,0.78
Edward,0.779
Brian,0.736
Ronald,0.725
Anthony,0.721
Kevin,0.671
Jason,0.66
Matthew,0.657
Gary,0.65
Timothy,0.64
Jose,0.613
Larry,0.598
Jeffrey,0.591
Frank,0.581
Scott,0.546
Eric,0.544
Stephen,0.54
Andrew,0.537
Raymond,0.488
Gregory,0.441
Joshua,0.435
Jerry,0.432
Dennis,0.415
Walter,0.399
Patrick,0.389
Peter,0.381
Harold,0.371
Douglas,0.367
Henry,0.365
Carl,0.346
Arthur,0.335
Ryan,0.328
Roger,0.322
Joe,0.321
Juan,0.316
Jack,0.315
Albert,0.314
Jonathan,0.313
Justin,0.311
Terry,0.311
Gerald,0.309
Keith,0.308
Samuel,0.306
Willie,0.302
Ralph,0.282
Lawrence,0.282
Nicholas,0.275
Roy,0.273
Benjamin,0.27
Bruce,0.263
Brandon,0.26
Adam,0.259
Harry,0.251
Fred,0.251
Wayne,0.249
Billy,0.248
Steve,0.246
Louis,0.243
Jeremy,0.242
Aaron,0.24
Randy,0.232
Howard,0.23
Eugene,0.23
Carlos,0.229
Russell,0.224
Bobby,0.223
Victor,0.222
Martin,0.216
Ernest,0.215
Phillip,0.213
Todd,0.213
Jesse,0.209
Craig,0.206
Alan,0.204
Shawn,0.2
Clarence,0.197
Sean,0.197
Philip,0.197
Chris,0.197
Johnny,0.195
Earl,0.193
Jimmy,0.191
Antonio,0.19
Danny,0.19
Bryan,0.19
Tony,0.19
Luis,0.189
Mike,0.189
Stanley,0.186
Leonard,0.186
Nathan,0.185
Dale,0.184
Manuel,0.181
Rodney,0.18
Curtis,0.18
Norman,0.177
Allen,0.174
Marvin,0.171
Vincent,0.168
Glenn,0.167
Jeffery,0.166
Travis,0.166
Jeff,0.166
Chad,0.165
Jacob,0.165
Lee,0.162
Melvin,0.162
Alfred,0.162
Kyle,0.16
Francis,0.16
Bradley,0.159
Jesus,0.155
Herbert,0.155
Frederick,0.154
Ray,0.153
Joel,0.152
Edwin,0.148
Don,0.145
Eddie,0.144
Ricky,0.141
Troy,0.138
Randall,0.138
Barry,0.134
Alexander,0.132
Bernard,0.127
Mario,0.125
Leroy,0.125
Francisco,0.124
Marcus,0.124
Micheal,0.123
Theodore,0.123
Clifford,0.123
Miguel,0.122
Oscar,0.122
Jay,0.118
Jim,0.118
Tom,0.117
Calvin,0.115
Alex,0.115
Jon,0.115
Ronnie,0.113
Bill,0.112
Lloyd,0.112
Tommy,0.112
Leon,0.112
Derek,0.112
Warren,0.11
Darrell,0.108
Jerome,0.108
Floyd,0.107
Leo,0.106
Alvin,0.105
Tim,0.104
Wesley,0.104
Gordon,0.104
Dean,0.104
Greg,0.104
Jorge,0.104
Dustin,0.103
Pedro,0.103
Derrick,0.103
Dan,0.101
Lewis,0.099
Zachary,0.099
Corey,0.098
Herman,0.097
Maurice,0.097
Vernon,0.097
Roberto,0.097
Clyde,0.095
Glen,0.094
Hector,0.094
Shane,0.093
Ricardo,0.093
Sam,0.092
Rick,0.091
Lester,0.091
Brent,0.09
Ramon,0.09
Charlie,0.09
Tyler,0.089
Gilbert,0.089
Gene,0.087
Marc,0.087
Reginald,0.084
Ruben,0.082
Brett,0.082
Angel,0.082
Nathaniel,0.081
Rafael,0.081
Leslie,0.081
Edgar,0.08
Milton,0.08
Raul,0.079
Ben,0.078
Chester,0.078
Cecil,0.078
Duane,0.077
Franklin,0.077
Andre,0.076
Elmer,0.074
Brad,0.073
Gabriel,0.073
Ron,0.072
Mitchell,0.072
Roland,0.072
Arnold,0.072
Harvey,0.072
Jared,0.071
Adrian,0.069
Karl,0.069
Cory,0.068
Claude,0.068
Erik,0.068
Darryl,0.067
Jamie,0.066
Neil,0.066
Jessie,0.065
Christian,0.065
Javier,0.065
Fernando,0.065
Clinton,0.065
Ted,0.064
Mathew,0.064
Tyrone,0.064
Darren,0.064
Lonnie,0.064
Lance,0.063
Cody,0.063
Julio,0.063
Kelly,0.063
Kurt,0.062
Allan,0.061
Nelson,0.061
Guy,0.06
Clayton,0.06
Hugh,0.06
Max,0.059
Dwayne,0.059
Dwight,0.058
Armando,0.058
Felix,0.058
Jimmie,0.058
Everett,0.057
Jordan,0.056
Ian,0.056
Wallace,0.056
Ken,0.055
Bob,0.055
Jaime,0.055
Casey,0.054
Alfredo,0.054
Alberto,0.053
Dave,0.053
Ivan,0.053
Johnnie,0.052
Sidney,0.052
Byron,0.052
Julian,0.052
Isaac,0.051
Morris,0.051
Clifton,0.05
Willard,0.05
Daryl,0.05
Ross,0.05
Virgil,0.049
Andy,0.049
Marshall,0.049
Salvador,0.049
Perry,0.049
Kirk,0.049
Sergio,0.049
Marion,0.048
Tracy,0.048
Seth,0.048
Kent,0.048
Terrance,0.048
Rene,0.048
Eduardo,0.047
Terrence,0.047
Enrique,0.046
Freddie,0.046
Wade,0.045
Austin,0.044
Stuart,0.044
Fredrick,0.043
Arturo,0.043
Alejandro,0.043
Jackie,0.043
Joey,0.043
Nick,0.043
Luther,0.043
Wendell,0.042
Jeremiah,0.042
Evan,0.042
Julius,0.042
Dana,0.042
Donnie,0.041
Otis,0.041
Shannon,0.04
Trevor,0.04
Oliver,0.04
Luke,0.04
Homer,0.04
Gerard,0.04
Doug,0.04
Kenny,0.039
Hubert,0.039
Angelo,0.039
Shaun,0.039
Lyle,0.038
Matt,0.038
Lynn,0.038
Alfonso,0.038
Orlando,0.037
Rex,0.037
Carlton,0.037
Ernesto,0.037
Cameron,0.037
Neal,0.037
Pablo,0.036
Lorenzo,0.036
Omar,0.036
Wilbur,0.036
Blake,0.036
Grant,0.036
Horace,0.036
Roderick,0.036
Kerry,0.036
Abraham,0.035
Willis,0.035
Rickey,0.035
Jean,0.035
Ira,0.035
Andres,0.034
Cesar,0.034
Johnathan,0.034
Malcolm,0.034
Rudolph,0.034
Damon,0.034
Kelvin,0.034
Rudy,0.034
Preston,0.034
Alton,0.033
Archie,0.033
Marco,0.033
Wm,0.033
Pete,0.032
Randolph,0.032
Garry,0.032
Geoffrey,0.032
Jonathon,0.032
Felipe,0.032
Bennie,0.032
Gerardo,0.032
Ed,0.032
Dominic,0.032
Robin,0.032
Loren,0.032
Delbert,0.031
Colin,0.031
Guillermo,0.031
Earnest,0.031
Lucas,0.031
Benny,0.03
Noel,0.03
Spencer,0.03
Rodolfo,0.03
Myron,0.03
Edmund,0.03
Garrett,0.029
Salvatore,0.029
Cedric,0.029
Lowell,0.029
Gregg,0.029
Sherman,0.028
Wilson,0.028
Devin,0.028
Sylvester,0.028
Kim,0.028
Roosevelt,0.028
Israel,0.028
Jermaine,0.028
Forrest,0.027
Wilbert,0.027
Leland,0.027
Simon,0.026
Guadalupe,0.026
Clark,0.026
Irving,0.026
Carroll,0.026
Bryant,0.026
Owen,0.026
Rufus,0.025
Woodrow,0.025
Sammy,0.025
Kristopher,0.025
Mack,0.025
Levi,0.025
Marcos,0.025
Gustavo,0.025
Jake,0.025
Lionel,0.024
Marty,0.024
Taylor,0.024
Ellis,0.024
Dallas,0.024
Gilberto,0.024
Clint,0.024
Nicolas,0.024
Laurence,0.024
Ismael,0.024
Orville,0.024
Drew,0.024
Jody,0.024
Ervin,0.023
Dewey,0.023
Al,0.023
Wilfred,0.023
Josh,0.023
Hugo,0.023
Ignacio,0.023
Caleb,0.023
Tomas,0.023
Sheldon,0.023
Erick,0.023
Frankie,0.023
Stewart,0.022
Doyle,0.022
Darrel,0.022
Rogelio,0.022
Terence,0.022
Santiago,0.022
Alonzo,0.022
Elias,0.022
Bert,0.022
Elbert,0.022
Ramiro,0.022
Conrad,0.022
Pat,0.022
Noah,0.022
Grady,0.021
Phil,0.021
Cornelius,0.021
Lamar,0.021
Rolando,0.021
Clay,0.021
Percy,0.021
Dexter,0.021
Bradford,0.021
Merle,0.021
Darin,0.02
Amos,0.02
Terrell,0.02
Moses,0.02
Irvin,0.02
Saul,0.02
Roman,0.02
Darnell,0.02
Randal,0.02
Tommie,0.02
Timmy,0.019
Darrin,0.019
Winston,0.019
Brendan,0.019
Toby,0.019
Van,0.019
Abel,0.019
Dominick,0.019
Boyd,0.019
Courtney,0.019
Jan,0.019
Emilio,0.019
Elijah,0.019
Cary,0.019
Domingo,0.019
Santos,0.019
Aubrey,0.019
Emmett,0.019
Marlon,0.019
Emanuel,0.019
Jerald,0.019
Edmond,0.019
Emil,0.019
Dewayne,0.018
Will,0.018
Otto,0.018
Teddy,0.018
Reynaldo,0.018
Bret,0.018
Morgan,0.018
Jess,0.018
Trent,0.018
Humberto,0.018
Emmanuel,0.018
Stephan,0.018
Louie,0.018
Vicente,0.017
Lamont,0.017
Stacy,0.017
Garland,0.017
Miles,0.017
Micah,0.017
Efrain,0.017
Billie,0.017
Logan,0.017
Heath,0.017
Rodger,0.017
Harley,0.017
Demetrius,0.017
Ethan,0.017
Eldon,0.017
Rocky,0.016
Pierre,0.016
Junior,0.016
Freddy,0.016
Eli,0.016
Bryce,0.016
Antoine,0.016
Robbie,0.016
Kendall,0.016
Royce,0.016
Sterling,0.016
Mickey,0.016
Chase,0.016
Grover,0.016
Elton,0.016
Cleveland,0.016
Dylan,0.016
Chuck,0.016
Damian,0.016
Reuben,0.015
Stan,0.015
August,0.015
Leonardo,0.015
Jasper,0.015
Russel,0.015
Erwin,0.015
Benito,0.015
Hans,0.015
Monte,0.015
Blaine,0.015
Ernie,0.015
Curt,0.015
Quentin,0.015
Agustin,0.015
Murray,0.015
Jamal,0.014
Devon,0.014
Adolfo,0.014
Harrison,0.014
Tyson,0.014
Burton,0.014
Brady,0.014
Elliott,0.014
Wilfredo,0.014
Bart,0.014
Jarrod,0.014
Vance,0.014
Denis,0.014
Damien,0.014
Joaquin,0.014
Harlan,0.014
Desmond,0.014
Elliot,0.014
Darwin,0.014
Ashley,0.014
Gregorio,0.014
Buddy,0.014
Xavier,0.013
Kermit,0.013
Roscoe,0.013
Esteban,0.013
Anton,0.013
Solomon,0.013
Scotty,0.013
Norbert,0.013
Elvin,0.013
Williams,0.013
Nolan,0.013
Carey,0.013
Rod,0.013
Quinton,0.013
Hal,0.013
Brain,0.013
Rob,0.013
Elwood,0.013
Kendrick,0.013
Darius,0.013
Moises,0.013
Son,0.012
Marlin,0.012
Fidel,0.012
Thaddeus,0.012
Cliff,0.012
Marcel,0.012
Ali,0.012
Jackson,0.012
Raphael,0.012
Bryon,0.012
Armand,0.012
Alvaro,0.012
Jeffry,0.012
Dane,0.012
Joesph,0.012
Thurman,0.012
Ned,0.012
Sammie,0.012
Rusty,0.012
Michel,0.012
Monty,0.012
Rory,0.012
Fabian,0.012
Reggie,0.012
Mason,0.012
Graham,0.012
Kris,0.011
Isaiah,0.011
Vaughn,0.011
Gus,0.011
Avery,0.011
Loyd,0.011
Diego,0.011
Alexis,0.011
Adolph,0.011
Norris,0.011
Millard,0.011
Rocco,0.011
Gonzalo,0.011
Derick,0.011
Rodrigo,0.011
Gerry,0.011
Stacey,0.011
Carmen,0.011
Wiley,0.011
Rigoberto,0.011
Alphonso,0.011
Ty,0.011
Shelby,0.011
Rickie,0.011
Noe,0.011
Vern,0.01
Bobbie,0.01
Reed,0.01
Jefferson,0.01
Elvis,0.01
Bernardo,0.01
Mauricio,0.01
Hiram,0.01
Donovan,0.01
Basil,0.01
Riley,0.01
Ollie,0.01
Nickolas,0.01
Maynard,0.01
Scot,0.01
Vince,0.01
Quincy,0.01
Eddy,0.01
Sebastian,0.01
Federico,0.01
Ulysses,0.01
Heriberto,0.01
Donnell,0.01
Cole,0.01
Denny,0.01
Davis,0.01
Gavin,0.01
Emery,0.01
Ward,0.01
Romeo,0.01
Jayson,0.01
Dion,0.01
Dante,0.01
Clement,0.01
Coy,0.01
Odell,0.01
Maxwell,0.01
Jarvis,0.01
Bruno,0.01
Issac,0.01
Mary,0.009
Dudley,0.009
Brock,0.009
Sanford,0.009
Colby,0.009
Carmelo,0.009
Barney,0.009
Nestor,0.009
Hollis,0.009
Stefan,0.009
Donny,0.009
Art,0.009
Linwood,0.009
Beau,0.009
Weldon,0.009
Galen,0.009
Isidro,0.009
Truman,0.009
Delmar,0.009
Johnathon,0.009
Silas,0.009
Frederic,0.009
Dick,0.009
Kirby,0.009
Irwin,0.009
Cruz,0.009
Merlin,0.009
Merrill,0.009
Charley,0.009
Marcelino,0.009
Lane,0.009
Harris,0.009
Cleo,0.009
Carlo,0.009
Trenton,0.009
Kurtis,0.009
Hunter,0.009
Aurelio,0.009
Winfred,0.009
Vito,0.009
Collin,0.009
Denver,0.009
Carter,0.009
Leonel,0.008
Emory,0.008
Pasquale,0.008
Mohammad,0.008
Mariano,0.008
Danial,0.008
Blair,0.008
Landon,0.008
Dirk,0.008
Branden,0.008
Adan,0.008
Numbers,0.008
Clair,0.008
Buford,0.008
German,0.008
Bernie,0.008
Wilmer,0.008
Joan,0.008
Emerson,0.008
Zachery,0.008
Fletcher,0.008
Jacques,0.008
Errol,0.008
Dalton,0.008
Monroe,0.008
Josue,0.008
Dominique,0.008
Edwardo,0.008
Booker,0.008
Wilford,0.008
Sonny,0.008
Shelton,0.008
Carson,0.008
Theron,0.008
Raymundo,0.008
Daren,0.008
Tristan,0.008
Houston,0.008
Robby,0.008
Lincoln,0.008
Jame,0.008
Genaro,0.008
Gale,0.008
Bennett,0.008
Octavio,0.008
Cornell,0.008
Laverne,0.008
Hung,0.008
Arron,0.008
Antony,0.008
Herschel,0.007
Alva,0.007
Giovanni,0.007
Garth,0.007
Cyrus,0.007
Cyril,0.007
Ronny,0.007
Stevie,0.007
Lon,0.007
Freeman,0.007
Erin,0.007
Duncan,0.007
Kennith,0.007
Carmine,0.007
Augustine,0.007
Young,0.007
Erich,0.007
Chadwick,0.007
Wilburn,0.007
Russ,0.007
Reid,0.007
Myles,0.007
Anderson,0.007
Morton,0.007
Jonas,0.007
Forest,0.007
Mitchel,0.007
Mervin,0.007
Zane,0.007
Rich,0.007
Jamel,0.007
Lazaro,0.007
Alphonse,0.007
Randell,0.007
Major,0.007
Johnie,0.007
Jarrett,0.007
Brooks,0.007
Ariel,0.007
Abdul,0.007
Dusty,0.007
Luciano,0.007
Lindsey,0.007
Tracey,0.007
Seymour,0.007
Scottie,0.007
Eugenio,0.007
Mohammed,0.007
Sandy,0.007
Valentin,0.007
Chance,0.007
Arnulfo,0.007
Lucien,0.007
Ferdinand,0.007
Thad,0.007
Ezra,0.007
Sydney,0.007
Aldo,0.007
Rubin,0.006
Royal,0.006
Mitch,0.006
Earle,0.006
Abe,0.006
Wyatt,0.006
Marquis,0.006
Lanny,0.006
Kareem,0.006
Jamar,0.006
Boris,0.006
Isiah,0.006
Emile,0.006
Elmo,0.006
Aron,0.006
Leopoldo,0.006
Everette,0.006
Josef,0.006
Gail,0.006
Eloy,0.006
Dorian,0.006
Rodrick,0.006
Reinaldo,0.006
Lucio,0.006
Jerrod,0.006
Weston,0.006
Hershel,0.006
Barton,0.006
Parker,0.006
Lemuel,0.006
Lavern,0.006
Burt,0.006
Jules,0.006
Gil,0.006
Eliseo,0.006
Ahmad,0.006
Nigel,0.006
Efren,0.006
Antwan,0.006
Alden,0.006
Margarito,0.006
Coleman,0.006
Refugio,0.006
Dino,0.006
Osvaldo,0.006
Les,0.006
Deandre,0.006
Normand,0.006
Kieth,0.006
Ivory,0.006
Andrea,0.006
Trey,0.006
Norberto,0.006
Napoleon,0.006
Jerold,0.006
Fritz,0.006
Rosendo,0.006
Milford,0.006
Sang,0.006
Deon,0.006
Christoper,0.006
Alfonzo,0.006
Lyman,0.006
Josiah,0.006
Brant,0.006
Wilton,0.006
Rico,0.006
Jamaal,0.006
Dewitt,0.006
Carol,0.006
Brenton,0.006
Yong,0.006
Olin,0.006
Foster,0.006
Faustino,0.006
Claudio,0.006
Judson,0.006
Gino,0.006
Edgardo,0.006
Berry,0.006
Alec,0.006
Tanner,0.006
Jarred,0.006
Donn,0.006
Trinidad,0.005
Tad,0.005
Shirley,0.005
Prince,0.005
Porfirio,0.005
Odis,0.005
Maria,0.005
Lenard,0.005
Chauncey,0.005
Chang,0.005
Tod,0.005
Mel,0.005
Marcelo,0.005
Kory,0.005
Augustus,0.005
Keven,0.005
Hilario,0.005
Bud,0.005
Sal,0.005
Rosario,0.005
Orval,0.005
Mauro,0.005
Dannie,0.005
Zachariah,0.005
Olen,0.005
Anibal,0.005
Milo,0.005
Jed,0.005
Frances,0.005
Thanh,0.005
Dillon,0.005
Amado,0.005
Newton,0.005
Connie,0.005
Lenny,0.005
Tory,0.005
Richie,0.005
Lupe,0.005
Horacio,0.005
Brice,0.005
Mohamed,0.005
Delmer,0.005
Dario,0.005
Reyes,0.005
Dee,0.005
Mac,0.005
Jonah,0.005
Jerrold,0.005
Robt,0.005
Hank,0.005
Sung,0.005
Rupert,0.005
Rolland,0.005
Kenton,0.005
Damion,0.005
Chi,0.005
Antone,0.005
Waldo,0.005
Fredric,0.005
Bradly,0.005
Quinn,0.005
Kip,0.005
Burl,0.005
Walker,0.005
Tyree,0.005
Jefferey,0.005
Ahmed,0.005
Willy,0.005
Stanford,0.005
Oren,0.005
Noble,0.005
Moshe,0.005
Mikel,0.005
Enoch,0.005
Brendon,0.005
Quintin,0.005
Jamison,0.005
Florencio,0.005
Darrick,0.005
Tobias,0.005
Minh,0.005
Hassan,0.005
Giuseppe,0.005
Demarcus,0.005
Cletus,0.005
Tyrell,0.005
Lyndon,0.005
Keenan,0.005
Werner,0.005
Theo,0.005
Geraldo,0.005
Lou,0.005
Columbus,0.005
Chet,0.005
Bertram,0.005
Markus,0.005
Huey,0.005
Hilton,0.005
Dwain,0.005
Donte,0.005
Tyron,0.005
Omer,0.005
Isaias,0.005
Hipolito,0.005
Fermin,0.005
Chung,0.005
Adalberto,0.005
Valentine,0.005
Jamey,0.005
Bo,0.005
Barrett,0.005
Whitney,0.005
Teodoro,0.005
Mckinley,0.005
Maximo,0.005
Garfield,0.005
Sol,0.005
Raleigh,0.005
Lawerence,0.005
Abram,0.005
Rashad,0.004
King,0.004
Emmitt,0.004
Daron,0.004
Chong,0.004
Samual,0.004
Paris,0.004
Otha,0.004
Miquel,0.004
Lacy,0.004
Eusebio,0.004
Dong,0.004
Domenic,0.004
Darron,0.004
Buster,0.004
Antonia,0.004
Wilber,0.004
Renato,0.004
Jc,0.004
Hoyt,0.004
Haywood,0.004
Ezekiel,0.004
Chas,0.004
Florentino,0.004
Elroy,0.004
Clemente,0.004
Arden,0.004
Neville,0.004
Kelley,0.004
Edison,0.004
Deshawn,0.004
Carrol,0.004
Shayne,0.004
Nathanial,0.004
Jordon,0.004
Danilo,0.004
Claud,0.004
Val,0.004
Sherwood,0.004
Raymon,0.004
Rayford,0.004
Cristobal,0.004
Ambrose,0.004
Titus,0.004
Hyman,0.004
Felton,0.004
Ezequiel,0.004
Erasmo,0.004
Stanton,0.004
Lonny,0.004
Len,0.004
Ike,0.004
Milan,0.004
Lino,0.004
Jarod,0.004
Herb,0.004
Andreas,0.004
Walton,0.004
Rhett,0.004
Palmer,0.004
Jude,0.004
Douglass,0.004
Cordell,0.004
Oswaldo,0.004
Ellsworth,0.004
Virgilio,0.004
Toney,0.004
Nathanael,0.004
Del,0.004
Britt,0.004
Benedict,0.004
Mose,0.004
Hong,0.004
Leigh,0.004
Johnson,0.004
Isreal,0.004
Gayle,0.004
Garret,0.004
Fausto,0.004
Asa,0.004
Arlen,0.004
Zack,0.004
Warner,0.004
Modesto,0.004
Francesco,0.004
Manual,0.004
Jae,0.004
Gaylord,0.004
Gaston,0.004
Filiberto,0.004
Deangelo,0.004
Michale,0.004
Granville,0.004
Wes,0.004
Malik,0.004
Zackary,0.004
Tuan,0.004
Nicky,0.004
Eldridge,0.004
Cristopher,0.004
Cortez,0.004
Antione,0.004
Malcom,0.004
Long,0.004
Korey,0.004
Jospeh,0.004
Colton,0.004
Waylon,0.004
Von,0.004
Hosea,0.004
Shad,0.004
Santo,0.004
Rudolf,0.004
Rolf,0.004
Rey,0.004
Renaldo,0.004
Marcellus,0.004
Lucius,0.004
Lesley,0.004
Kristofer,0.004
Boyce,0.004
Benton,0.004
Man,0.004
Kasey,0.004
Jewell,0.004
Hayden,0.004
Harland,0.004
Arnoldo,0.004
Rueben,0.004
Leandro,0.004
Kraig,0.004
Jerrell,0.004
Jeromy,0.004
Hobert,0.004
Cedrick,0.004
Arlie,0.004
Winford,0.004
Wally,0.004
Patricia,0.004
Luigi,0.004
Keneth,0.004
Jacinto,0.004
Graig,0.004
Franklyn,0.004
Edmundo,0.004
Sid,0.004
Porter,0.004
Leif,0.004
Lauren,0.004
Jeramy,0.004
Elisha,0.004
Buck,0.004
Willian,0.004
Vincenzo,0.004
Shon,0.004
Michal,0.004
Lynwood,0.004
Lindsay,0.004
Jewel,0.004
Jere,0.004
Hai,0.004
Elden,0.004
Dorsey,0.004
Darell,0.004
Broderick,0.004
Alonso,0.004
